id,firstname,lastname,email,email2,profession
100,Esmeralda,Braun,Esmeralda.Braun@yopmail.com,Esmeralda.Braun@gmail.com,police officer
101,Letizia,Wenda,Letizia.Wenda@yopmail.com,Letizia.Wenda@gmail.com,worker
102,Randa,Zina,Randa.Zina@yopmail.com,Randa.Zina@gmail.com,firefighter
103,Starla,Bearnard,Starla.Bearnard@yopmail.com,Starla.Bearnard@gmail.com,firefighter
104,Chere,Esmaria,Chere.Esmaria@yopmail.com,Chere.Esmaria@gmail.com,police officer
105,Sam,Haerr,Sam.Haerr@yopmail.com,Sam.Haerr@gmail.com,developer
106,Chere,Rolf,Chere.Rolf@yopmail.com,Chere.Rolf@gmail.com,developer
107,Gloria,Brodench,Gloria.Brodench@yopmail.com,Gloria.Brodench@gmail.com,doctor
108,Aryn,Fulmer,Aryn.Fulmer@yopmail.com,Aryn.Fulmer@gmail.com,worker
109,Taffy,Dowski,Taffy.Dowski@yopmail.com,Taffy.Dowski@gmail.com,doctor
110,Fernande,Alrich,Fernande.Alrich@yopmail.com,Fernande.Alrich@gmail.com,police officer
111,Ebonee,Taima,Ebonee.Taima@yopmail.com,Ebonee.Taima@gmail.com,firefighter
112,Ermengarde,Ciapas,Ermengarde.Ciapas@yopmail.com,Ermengarde.Ciapas@gmail.com,doctor
113,Drucie,Goldina,Drucie.Goldina@yopmail.com,Drucie.Goldina@gmail.com,developer
114,Allis,Tice,Allis.Tice@yopmail.com,Allis.Tice@gmail.com,firefighter
115,Frieda,Brackely,Frieda.Brackely@yopmail.com,Frieda.Brackely@gmail.com,worker
116,Tierney,Judye,Tierney.Judye@yopmail.com,Tierney.Judye@gmail.com,firefighter
117,Genovera,Oster,Genovera.Oster@yopmail.com,Genovera.Oster@gmail.com,worker
118,Madalyn,Fiester,Madalyn.Fiester@yopmail.com,Madalyn.Fiester@gmail.com,police officer
119,Marnia,Wenoa,Marnia.Wenoa@yopmail.com,Marnia.Wenoa@gmail.com,doctor
120,Emma,Naor,Emma.Naor@yopmail.com,Emma.Naor@gmail.com,doctor
121,Damaris,Ricarda,Damaris.Ricarda@yopmail.com,Damaris.Ricarda@gmail.com,firefighter
122,Arlena,Old,Arlena.Old@yopmail.com,Arlena.Old@gmail.com,worker
123,Aubrie,Callista,Aubrie.Callista@yopmail.com,Aubrie.Callista@gmail.com,doctor
124,Cassandra,Shaddock,Cassandra.Shaddock@yopmail.com,Cassandra.Shaddock@gmail.com,police officer
125,Berget,Bord,Berget.Bord@yopmail.com,Berget.Bord@gmail.com,worker
126,Jaime,Sasnett,Jaime.Sasnett@yopmail.com,Jaime.Sasnett@gmail.com,police officer
127,Tina,Durante,Tina.Durante@yopmail.com,Tina.Durante@gmail.com,police officer
128,Shandie,Philoo,Shandie.Philoo@yopmail.com,Shandie.Philoo@gmail.com,police officer
129,Clarice,Oster,Clarice.Oster@yopmail.com,Clarice.Oster@gmail.com,doctor
130,Hildegaard,Rad,Hildegaard.Rad@yopmail.com,Hildegaard.Rad@gmail.com,developer
131,Nadine,Prouty,Nadine.Prouty@yopmail.com,Nadine.Prouty@gmail.com,firefighter
132,Keelia,Klemperer,Keelia.Klemperer@yopmail.com,Keelia.Klemperer@gmail.com,worker
133,Catharine,Skell,Catharine.Skell@yopmail.com,Catharine.Skell@gmail.com,doctor
134,Natka,Nore,Natka.Nore@yopmail.com,Natka.Nore@gmail.com,police officer
135,Margalo,Bennie,Margalo.Bennie@yopmail.com,Margalo.Bennie@gmail.com,firefighter
136,Misha,Gabrielli,Misha.Gabrielli@yopmail.com,Misha.Gabrielli@gmail.com,firefighter
137,Deedee,Sabella,Deedee.Sabella@yopmail.com,Deedee.Sabella@gmail.com,firefighter
138,Alyda,Arvo,Alyda.Arvo@yopmail.com,Alyda.Arvo@gmail.com,worker
139,Millie,Viddah,Millie.Viddah@yopmail.com,Millie.Viddah@gmail.com,worker
140,Karina,Alrich,Karina.Alrich@yopmail.com,Karina.Alrich@gmail.com,worker
141,Daphne,Waite,Daphne.Waite@yopmail.com,Daphne.Waite@gmail.com,doctor
142,Maridel,Joni,Maridel.Joni@yopmail.com,Maridel.Joni@gmail.com,firefighter
143,Luci,Lumbard,Luci.Lumbard@yopmail.com,Luci.Lumbard@gmail.com,doctor
144,Cissiee,Cimbura,Cissiee.Cimbura@yopmail.com,Cissiee.Cimbura@gmail.com,police officer
145,Dotty,Markman,Dotty.Markman@yopmail.com,Dotty.Markman@gmail.com,worker
146,Renae,Lenny,Renae.Lenny@yopmail.com,Renae.Lenny@gmail.com,doctor
147,Lorenza,Ader,Lorenza.Ader@yopmail.com,Lorenza.Ader@gmail.com,developer
148,Kristan,Phi,Kristan.Phi@yopmail.com,Kristan.Phi@gmail.com,worker
149,Berget,Corilla,Berget.Corilla@yopmail.com,Berget.Corilla@gmail.com,doctor
150,Arabel,Elisha,Arabel.Elisha@yopmail.com,Arabel.Elisha@gmail.com,firefighter
151,Abbie,Haldas,Abbie.Haldas@yopmail.com,Abbie.Haldas@gmail.com,doctor
152,Ivett,Kronfeld,Ivett.Kronfeld@yopmail.com,Ivett.Kronfeld@gmail.com,doctor
153,Jany,Mullane,Jany.Mullane@yopmail.com,Jany.Mullane@gmail.com,firefighter
154,Evaleen,Girardo,Evaleen.Girardo@yopmail.com,Evaleen.Girardo@gmail.com,firefighter
155,Gertrud,Greyson,Gertrud.Greyson@yopmail.com,Gertrud.Greyson@gmail.com,firefighter
156,Lizzie,Schonfeld,Lizzie.Schonfeld@yopmail.com,Lizzie.Schonfeld@gmail.com,developer
157,Kalina,Hurley,Kalina.Hurley@yopmail.com,Kalina.Hurley@gmail.com,police officer
158,Lindie,Flita,Lindie.Flita@yopmail.com,Lindie.Flita@gmail.com,police officer
159,Micheline,Aurelio,Micheline.Aurelio@yopmail.com,Micheline.Aurelio@gmail.com,developer
160,Vanessa,Connelly,Vanessa.Connelly@yopmail.com,Vanessa.Connelly@gmail.com,police officer
161,Alie,Ellerey,Alie.Ellerey@yopmail.com,Alie.Ellerey@gmail.com,police officer
162,Queenie,Margarete,Queenie.Margarete@yopmail.com,Queenie.Margarete@gmail.com,firefighter
163,Aurelie,Prouty,Aurelie.Prouty@yopmail.com,Aurelie.Prouty@gmail.com,police officer
164,Consuela,Dom,Consuela.Dom@yopmail.com,Consuela.Dom@gmail.com,doctor
165,Leontine,Hartnett,Leontine.Hartnett@yopmail.com,Leontine.Hartnett@gmail.com,police officer
166,Delilah,Fosque,Delilah.Fosque@yopmail.com,Delilah.Fosque@gmail.com,police officer
167,Betta,Larochelle,Betta.Larochelle@yopmail.com,Betta.Larochelle@gmail.com,police officer
168,Tierney,Ardeha,Tierney.Ardeha@yopmail.com,Tierney.Ardeha@gmail.com,doctor
169,Brietta,Kamaria,Brietta.Kamaria@yopmail.com,Brietta.Kamaria@gmail.com,police officer
170,Jobi,Clywd,Jobi.Clywd@yopmail.com,Jobi.Clywd@gmail.com,police officer
171,Aryn,Cutlerr,Aryn.Cutlerr@yopmail.com,Aryn.Cutlerr@gmail.com,doctor
172,Gabi,Leonard,Gabi.Leonard@yopmail.com,Gabi.Leonard@gmail.com,police officer
173,Steffane,Dorothy,Steffane.Dorothy@yopmail.com,Steffane.Dorothy@gmail.com,developer
174,Correy,Wolfgram,Correy.Wolfgram@yopmail.com,Correy.Wolfgram@gmail.com,doctor
175,Sue,Morrill,Sue.Morrill@yopmail.com,Sue.Morrill@gmail.com,firefighter
176,Lory,Joeann,Lory.Joeann@yopmail.com,Lory.Joeann@gmail.com,developer
177,Ericka,Valerio,Ericka.Valerio@yopmail.com,Ericka.Valerio@gmail.com,firefighter
178,Ilse,Hull,Ilse.Hull@yopmail.com,Ilse.Hull@gmail.com,firefighter
179,Rubie,Rosemary,Rubie.Rosemary@yopmail.com,Rubie.Rosemary@gmail.com,doctor
180,Heida,Bearnard,Heida.Bearnard@yopmail.com,Heida.Bearnard@gmail.com,developer
181,Marita,Grobe,Marita.Grobe@yopmail.com,Marita.Grobe@gmail.com,police officer
182,Lelah,Iaverne,Lelah.Iaverne@yopmail.com,Lelah.Iaverne@gmail.com,police officer
183,Misha,Ade,Misha.Ade@yopmail.com,Misha.Ade@gmail.com,firefighter
184,Cyndie,Penelopa,Cyndie.Penelopa@yopmail.com,Cyndie.Penelopa@gmail.com,developer
185,Kristina,Morehouse,Kristina.Morehouse@yopmail.com,Kristina.Morehouse@gmail.com,firefighter
186,Oona,Edvard,Oona.Edvard@yopmail.com,Oona.Edvard@gmail.com,firefighter
187,Monika,Reinke,Monika.Reinke@yopmail.com,Monika.Reinke@gmail.com,worker
188,Chrystel,Marijo,Chrystel.Marijo@yopmail.com,Chrystel.Marijo@gmail.com,doctor
189,Lulita,Philipp,Lulita.Philipp@yopmail.com,Lulita.Philipp@gmail.com,worker
190,Modestia,Merna,Modestia.Merna@yopmail.com,Modestia.Merna@gmail.com,firefighter
191,Doro,Uird,Doro.Uird@yopmail.com,Doro.Uird@gmail.com,doctor
192,Maud,Sasnett,Maud.Sasnett@yopmail.com,Maud.Sasnett@gmail.com,doctor
193,Briney,Sherfield,Briney.Sherfield@yopmail.com,Briney.Sherfield@gmail.com,developer
194,Selma,Chem,Selma.Chem@yopmail.com,Selma.Chem@gmail.com,firefighter
195,Rori,Harned,Rori.Harned@yopmail.com,Rori.Harned@gmail.com,firefighter
196,Annabela,Kare,Annabela.Kare@yopmail.com,Annabela.Kare@gmail.com,developer
197,Kimmy,Andrel,Kimmy.Andrel@yopmail.com,Kimmy.Andrel@gmail.com,police officer
198,Althea,Corrine,Althea.Corrine@yopmail.com,Althea.Corrine@gmail.com,police officer
199,Yetty,Ferrell,Yetty.Ferrell@yopmail.com,Yetty.Ferrell@gmail.com,firefighter
200,Flo,Cyrie,Flo.Cyrie@yopmail.com,Flo.Cyrie@gmail.com,doctor
201,Korrie,Torray,Korrie.Torray@yopmail.com,Korrie.Torray@gmail.com,doctor
202,Lilith,Stoller,Lilith.Stoller@yopmail.com,Lilith.Stoller@gmail.com,developer
203,Dominga,Vivle,Dominga.Vivle@yopmail.com,Dominga.Vivle@gmail.com,worker
204,Marinna,Tarrant,Marinna.Tarrant@yopmail.com,Marinna.Tarrant@gmail.com,police officer
205,Anallese,Millda,Anallese.Millda@yopmail.com,Anallese.Millda@gmail.com,developer
206,Marguerite,Pascia,Marguerite.Pascia@yopmail.com,Marguerite.Pascia@gmail.com,firefighter
207,Lynea,Peti,Lynea.Peti@yopmail.com,Lynea.Peti@gmail.com,doctor
208,Elfreda,Wesle,Elfreda.Wesle@yopmail.com,Elfreda.Wesle@gmail.com,police officer
209,Latisha,Cath,Latisha.Cath@yopmail.com,Latisha.Cath@gmail.com,doctor
210,Malina,Fabiola,Malina.Fabiola@yopmail.com,Malina.Fabiola@gmail.com,doctor
211,Dulcinea,Lissi,Dulcinea.Lissi@yopmail.com,Dulcinea.Lissi@gmail.com,worker
212,Jaclyn,Blake,Jaclyn.Blake@yopmail.com,Jaclyn.Blake@gmail.com,worker
213,Almeta,Reinke,Almeta.Reinke@yopmail.com,Almeta.Reinke@gmail.com,firefighter
214,Jobi,Capello,Jobi.Capello@yopmail.com,Jobi.Capello@gmail.com,police officer
215,Mariele,Vastah,Mariele.Vastah@yopmail.com,Mariele.Vastah@gmail.com,developer
216,Konstance,Tarrant,Konstance.Tarrant@yopmail.com,Konstance.Tarrant@gmail.com,firefighter
217,Atlanta,Kiersten,Atlanta.Kiersten@yopmail.com,Atlanta.Kiersten@gmail.com,doctor
218,Addia,Harriman,Addia.Harriman@yopmail.com,Addia.Harriman@gmail.com,doctor
219,Courtnay,Brunell,Courtnay.Brunell@yopmail.com,Courtnay.Brunell@gmail.com,police officer
220,Letizia,Bollay,Letizia.Bollay@yopmail.com,Letizia.Bollay@gmail.com,developer
221,Jessy,Skell,Jessy.Skell@yopmail.com,Jessy.Skell@gmail.com,firefighter
222,Cecile,Ailyn,Cecile.Ailyn@yopmail.com,Cecile.Ailyn@gmail.com,firefighter
223,Fanny,Alrich,Fanny.Alrich@yopmail.com,Fanny.Alrich@gmail.com,worker
224,Cathyleen,Medrek,Cathyleen.Medrek@yopmail.com,Cathyleen.Medrek@gmail.com,firefighter
225,Deane,Grosz,Deane.Grosz@yopmail.com,Deane.Grosz@gmail.com,developer
226,Nariko,Franza,Nariko.Franza@yopmail.com,Nariko.Franza@gmail.com,developer
227,Cristabel,Lorenz,Cristabel.Lorenz@yopmail.com,Cristabel.Lorenz@gmail.com,worker
228,Tersina,Parsaye,Tersina.Parsaye@yopmail.com,Tersina.Parsaye@gmail.com,police officer
229,Fred,Hebner,Fred.Hebner@yopmail.com,Fred.Hebner@gmail.com,worker
230,Fredericka,Sacken,Fredericka.Sacken@yopmail.com,Fredericka.Sacken@gmail.com,developer
231,Mildrid,Kunin,Mildrid.Kunin@yopmail.com,Mildrid.Kunin@gmail.com,worker
232,Morganica,Sawtelle,Morganica.Sawtelle@yopmail.com,Morganica.Sawtelle@gmail.com,firefighter
233,Eugine,Eldrid,Eugine.Eldrid@yopmail.com,Eugine.Eldrid@gmail.com,worker
234,Jaclyn,Regan,Jaclyn.Regan@yopmail.com,Jaclyn.Regan@gmail.com,firefighter
235,Dione,Payson,Dione.Payson@yopmail.com,Dione.Payson@gmail.com,worker
236,Ottilie,Bohlin,Ottilie.Bohlin@yopmail.com,Ottilie.Bohlin@gmail.com,police officer
237,Linet,Therine,Linet.Therine@yopmail.com,Linet.Therine@gmail.com,doctor
238,Eolanda,Serilda,Eolanda.Serilda@yopmail.com,Eolanda.Serilda@gmail.com,police officer
239,Kristan,Holbrook,Kristan.Holbrook@yopmail.com,Kristan.Holbrook@gmail.com,firefighter
240,Ilse,Klotz,Ilse.Klotz@yopmail.com,Ilse.Klotz@gmail.com,developer
241,Noelle,Ashely,Noelle.Ashely@yopmail.com,Noelle.Ashely@gmail.com,doctor
242,Tori,Timon,Tori.Timon@yopmail.com,Tori.Timon@gmail.com,doctor
243,Nonnah,Claudine,Nonnah.Claudine@yopmail.com,Nonnah.Claudine@gmail.com,doctor
244,Winny,Voletta,Winny.Voletta@yopmail.com,Winny.Voletta@gmail.com,firefighter
245,Tatiania,Dash,Tatiania.Dash@yopmail.com,Tatiania.Dash@gmail.com,doctor
246,Dione,Taam,Dione.Taam@yopmail.com,Dione.Taam@gmail.com,doctor
247,Shauna,Arquit,Shauna.Arquit@yopmail.com,Shauna.Arquit@gmail.com,firefighter
248,Roslyn,Faria,Roslyn.Faria@yopmail.com,Roslyn.Faria@gmail.com,doctor
249,Joane,Radu,Joane.Radu@yopmail.com,Joane.Radu@gmail.com,doctor
250,Shell,Bertold,Shell.Bertold@yopmail.com,Shell.Bertold@gmail.com,firefighter
251,Judy,Anyah,Judy.Anyah@yopmail.com,Judy.Anyah@gmail.com,developer
252,Kaja,Crudden,Kaja.Crudden@yopmail.com,Kaja.Crudden@gmail.com,worker
253,Joelly,Kaete,Joelly.Kaete@yopmail.com,Joelly.Kaete@gmail.com,firefighter
254,Janenna,Eckblad,Janenna.Eckblad@yopmail.com,Janenna.Eckblad@gmail.com,worker
255,Sissy,Merell,Sissy.Merell@yopmail.com,Sissy.Merell@gmail.com,worker
256,Jemie,Vastah,Jemie.Vastah@yopmail.com,Jemie.Vastah@gmail.com,firefighter
257,Justinn,Sammons,Justinn.Sammons@yopmail.com,Justinn.Sammons@gmail.com,police officer
258,Kristina,Telfer,Kristina.Telfer@yopmail.com,Kristina.Telfer@gmail.com,police officer
259,Latisha,Brunell,Latisha.Brunell@yopmail.com,Latisha.Brunell@gmail.com,developer
260,Orsola,Swigart,Orsola.Swigart@yopmail.com,Orsola.Swigart@gmail.com,firefighter
261,Madalyn,Ackerley,Madalyn.Ackerley@yopmail.com,Madalyn.Ackerley@gmail.com,police officer
262,Gaylene,Erich,Gaylene.Erich@yopmail.com,Gaylene.Erich@gmail.com,doctor
263,Lorie,Delp,Lorie.Delp@yopmail.com,Lorie.Delp@gmail.com,firefighter
264,Lucille,Linskey,Lucille.Linskey@yopmail.com,Lucille.Linskey@gmail.com,police officer
265,Frances,Redmond,Frances.Redmond@yopmail.com,Frances.Redmond@gmail.com,firefighter
266,Agathe,Reneta,Agathe.Reneta@yopmail.com,Agathe.Reneta@gmail.com,firefighter
267,Jaime,Anderea,Jaime.Anderea@yopmail.com,Jaime.Anderea@gmail.com,firefighter
268,Ninnetta,Denis,Ninnetta.Denis@yopmail.com,Ninnetta.Denis@gmail.com,police officer
269,Glynnis,Crudden,Glynnis.Crudden@yopmail.com,Glynnis.Crudden@gmail.com,police officer
270,Eolanda,Lia,Eolanda.Lia@yopmail.com,Eolanda.Lia@gmail.com,firefighter
271,Christy,Martguerita,Christy.Martguerita@yopmail.com,Christy.Martguerita@gmail.com,worker
272,Wanda,Arathorn,Wanda.Arathorn@yopmail.com,Wanda.Arathorn@gmail.com,firefighter
273,Elie,Dielu,Elie.Dielu@yopmail.com,Elie.Dielu@gmail.com,developer
274,Alisha,Uird,Alisha.Uird@yopmail.com,Alisha.Uird@gmail.com,doctor
275,Atlanta,Lesley,Atlanta.Lesley@yopmail.com,Atlanta.Lesley@gmail.com,worker
276,Brooks,Cutlerr,Brooks.Cutlerr@yopmail.com,Brooks.Cutlerr@gmail.com,firefighter
277,Carly,Mott,Carly.Mott@yopmail.com,Carly.Mott@gmail.com,doctor
278,Merrie,Karl,Merrie.Karl@yopmail.com,Merrie.Karl@gmail.com,doctor
279,Ruthe,Raama,Ruthe.Raama@yopmail.com,Ruthe.Raama@gmail.com,doctor
280,Tami,Strephon,Tami.Strephon@yopmail.com,Tami.Strephon@gmail.com,doctor
281,Hallie,Whittaker,Hallie.Whittaker@yopmail.com,Hallie.Whittaker@gmail.com,worker
282,Aubrie,Anastatius,Aubrie.Anastatius@yopmail.com,Aubrie.Anastatius@gmail.com,worker
283,Zsa Zsa,Nickola,Zsa Zsa.Nickola@yopmail.com,Zsa Zsa.Nickola@gmail.com,worker
284,Cordi,Saree,Cordi.Saree@yopmail.com,Cordi.Saree@gmail.com,firefighter
285,Teddie,Kosey,Teddie.Kosey@yopmail.com,Teddie.Kosey@gmail.com,worker
286,Donetta,Nore,Donetta.Nore@yopmail.com,Donetta.Nore@gmail.com,police officer
287,Kara-Lynn,Amasa,Kara-Lynn.Amasa@yopmail.com,Kara-Lynn.Amasa@gmail.com,doctor
288,Elora,Madaih,Elora.Madaih@yopmail.com,Elora.Madaih@gmail.com,doctor
289,Tonia,Esmaria,Tonia.Esmaria@yopmail.com,Tonia.Esmaria@gmail.com,worker
290,Dorothy,Seagraves,Dorothy.Seagraves@yopmail.com,Dorothy.Seagraves@gmail.com,police officer
291,Nelle,Pillsbury,Nelle.Pillsbury@yopmail.com,Nelle.Pillsbury@gmail.com,police officer
292,Consuela,Lilas,Consuela.Lilas@yopmail.com,Consuela.Lilas@gmail.com,developer
293,Jean,Harday,Jean.Harday@yopmail.com,Jean.Harday@gmail.com,firefighter
294,Beatriz,Afton,Beatriz.Afton@yopmail.com,Beatriz.Afton@gmail.com,firefighter
295,Kial,Tatianas,Kial.Tatianas@yopmail.com,Kial.Tatianas@gmail.com,police officer
296,Aurelie,Adamsen,Aurelie.Adamsen@yopmail.com,Aurelie.Adamsen@gmail.com,police officer
297,Susan,Boehike,Susan.Boehike@yopmail.com,Susan.Boehike@gmail.com,doctor
298,Rosene,Iaverne,Rosene.Iaverne@yopmail.com,Rosene.Iaverne@gmail.com,worker
299,Jessamyn,Slifka,Jessamyn.Slifka@yopmail.com,Jessamyn.Slifka@gmail.com,worker
300,Sonni,Sekofski,Sonni.Sekofski@yopmail.com,Sonni.Sekofski@gmail.com,doctor
301,Kore,Irmine,Kore.Irmine@yopmail.com,Kore.Irmine@gmail.com,police officer
302,Viviene,Genna,Viviene.Genna@yopmail.com,Viviene.Genna@gmail.com,firefighter
303,Leeanne,Hashim,Leeanne.Hashim@yopmail.com,Leeanne.Hashim@gmail.com,worker
304,Tera,Ricarda,Tera.Ricarda@yopmail.com,Tera.Ricarda@gmail.com,developer
305,Georgetta,Hourigan,Georgetta.Hourigan@yopmail.com,Georgetta.Hourigan@gmail.com,firefighter
306,Celene,Glovsky,Celene.Glovsky@yopmail.com,Celene.Glovsky@gmail.com,police officer
307,Cyb,Kenwood,Cyb.Kenwood@yopmail.com,Cyb.Kenwood@gmail.com,worker
308,Maye,Toni,Maye.Toni@yopmail.com,Maye.Toni@gmail.com,developer
309,Edee,Maryanne,Edee.Maryanne@yopmail.com,Edee.Maryanne@gmail.com,firefighter
310,Meg,Lissi,Meg.Lissi@yopmail.com,Meg.Lissi@gmail.com,developer
311,Dania,Dichy,Dania.Dichy@yopmail.com,Dania.Dichy@gmail.com,developer
312,Meghann,Swigart,Meghann.Swigart@yopmail.com,Meghann.Swigart@gmail.com,developer
313,Vere,Harday,Vere.Harday@yopmail.com,Vere.Harday@gmail.com,police officer
314,Bobinette,Sancho,Bobinette.Sancho@yopmail.com,Bobinette.Sancho@gmail.com,developer
315,Florencia,Franza,Florencia.Franza@yopmail.com,Florencia.Franza@gmail.com,doctor
316,Regina,Jeanne,Regina.Jeanne@yopmail.com,Regina.Jeanne@gmail.com,firefighter
317,Adelle,Constancy,Adelle.Constancy@yopmail.com,Adelle.Constancy@gmail.com,worker
318,Renie,Sharl,Renie.Sharl@yopmail.com,Renie.Sharl@gmail.com,developer
319,Nannie,McAdams,Nannie.McAdams@yopmail.com,Nannie.McAdams@gmail.com,developer
320,Kirstin,Friede,Kirstin.Friede@yopmail.com,Kirstin.Friede@gmail.com,police officer
321,Loree,Hailee,Loree.Hailee@yopmail.com,Loree.Hailee@gmail.com,police officer
322,Cathie,Parsaye,Cathie.Parsaye@yopmail.com,Cathie.Parsaye@gmail.com,police officer
323,Brianna,Cath,Brianna.Cath@yopmail.com,Brianna.Cath@gmail.com,police officer
324,Glenda,Merna,Glenda.Merna@yopmail.com,Glenda.Merna@gmail.com,worker
325,Selma,Jalbert,Selma.Jalbert@yopmail.com,Selma.Jalbert@gmail.com,firefighter
326,Melisent,Ovid,Melisent.Ovid@yopmail.com,Melisent.Ovid@gmail.com,worker
327,Jobi,Sandye,Jobi.Sandye@yopmail.com,Jobi.Sandye@gmail.com,firefighter
328,Odessa,Longfellow,Odessa.Longfellow@yopmail.com,Odessa.Longfellow@gmail.com,police officer
329,Nessie,Anselmi,Nessie.Anselmi@yopmail.com,Nessie.Anselmi@gmail.com,doctor
330,Ayn,Ulphia,Ayn.Ulphia@yopmail.com,Ayn.Ulphia@gmail.com,firefighter
331,Elka,Swanhildas,Elka.Swanhildas@yopmail.com,Elka.Swanhildas@gmail.com,worker
332,Arlina,Mitzi,Arlina.Mitzi@yopmail.com,Arlina.Mitzi@gmail.com,developer
333,Elena,Jary,Elena.Jary@yopmail.com,Elena.Jary@gmail.com,worker
334,Eugine,Magnolia,Eugine.Magnolia@yopmail.com,Eugine.Magnolia@gmail.com,police officer
335,Gavrielle,Gregrory,Gavrielle.Gregrory@yopmail.com,Gavrielle.Gregrory@gmail.com,firefighter
336,Adriana,Peg,Adriana.Peg@yopmail.com,Adriana.Peg@gmail.com,worker
337,Deloria,Chauncey,Deloria.Chauncey@yopmail.com,Deloria.Chauncey@gmail.com,firefighter
338,Etta,Ferrell,Etta.Ferrell@yopmail.com,Etta.Ferrell@gmail.com,firefighter
339,Veda,MacIntosh,Veda.MacIntosh@yopmail.com,Veda.MacIntosh@gmail.com,firefighter
340,Corina,Catie,Corina.Catie@yopmail.com,Corina.Catie@gmail.com,firefighter
341,Dolli,Donell,Dolli.Donell@yopmail.com,Dolli.Donell@gmail.com,developer
342,Jan,Atcliffe,Jan.Atcliffe@yopmail.com,Jan.Atcliffe@gmail.com,worker
343,Letizia,Neils,Letizia.Neils@yopmail.com,Letizia.Neils@gmail.com,worker
344,Leontine,Gamaliel,Leontine.Gamaliel@yopmail.com,Leontine.Gamaliel@gmail.com,doctor
345,Adelle,Avi,Adelle.Avi@yopmail.com,Adelle.Avi@gmail.com,worker
346,Drucie,Ariella,Drucie.Ariella@yopmail.com,Drucie.Ariella@gmail.com,developer
347,Elena,Macey,Elena.Macey@yopmail.com,Elena.Macey@gmail.com,developer
348,Lulita,Bettine,Lulita.Bettine@yopmail.com,Lulita.Bettine@gmail.com,firefighter
349,Cecile,Kiersten,Cecile.Kiersten@yopmail.com,Cecile.Kiersten@gmail.com,doctor
350,Dorice,Meter,Dorice.Meter@yopmail.com,Dorice.Meter@gmail.com,firefighter
351,Tierney,Dulciana,Tierney.Dulciana@yopmail.com,Tierney.Dulciana@gmail.com,police officer
352,Melina,Valerio,Melina.Valerio@yopmail.com,Melina.Valerio@gmail.com,police officer
353,Winifred,Dulciana,Winifred.Dulciana@yopmail.com,Winifred.Dulciana@gmail.com,developer
354,Catharine,Catie,Catharine.Catie@yopmail.com,Catharine.Catie@gmail.com,doctor
355,Ivett,Elo,Ivett.Elo@yopmail.com,Ivett.Elo@gmail.com,police officer
356,Florie,Hermes,Florie.Hermes@yopmail.com,Florie.Hermes@gmail.com,police officer
357,Christal,Drisko,Christal.Drisko@yopmail.com,Christal.Drisko@gmail.com,worker
358,Clarice,Wittie,Clarice.Wittie@yopmail.com,Clarice.Wittie@gmail.com,firefighter
359,Pamella,Charmine,Pamella.Charmine@yopmail.com,Pamella.Charmine@gmail.com,firefighter
360,Lorie,Viddah,Lorie.Viddah@yopmail.com,Lorie.Viddah@gmail.com,police officer
361,Amelia,Shelba,Amelia.Shelba@yopmail.com,Amelia.Shelba@gmail.com,police officer
362,Jenilee,Pip,Jenilee.Pip@yopmail.com,Jenilee.Pip@gmail.com,police officer
363,Cristabel,Stacy,Cristabel.Stacy@yopmail.com,Cristabel.Stacy@gmail.com,developer
364,Ginnie,Mathilde,Ginnie.Mathilde@yopmail.com,Ginnie.Mathilde@gmail.com,developer
365,Kore,Keily,Kore.Keily@yopmail.com,Kore.Keily@gmail.com,worker
366,Dawn,Bari,Dawn.Bari@yopmail.com,Dawn.Bari@gmail.com,doctor
367,Tonia,Pillsbury,Tonia.Pillsbury@yopmail.com,Tonia.Pillsbury@gmail.com,firefighter
368,Cyndie,Turne,Cyndie.Turne@yopmail.com,Cyndie.Turne@gmail.com,developer
369,Nita,Stav,Nita.Stav@yopmail.com,Nita.Stav@gmail.com,firefighter
370,Kimberley,Calhoun,Kimberley.Calhoun@yopmail.com,Kimberley.Calhoun@gmail.com,firefighter
371,Taffy,Dimitris,Taffy.Dimitris@yopmail.com,Taffy.Dimitris@gmail.com,police officer
372,Christal,Liebermann,Christal.Liebermann@yopmail.com,Christal.Liebermann@gmail.com,doctor
373,Nollie,Luhe,Nollie.Luhe@yopmail.com,Nollie.Luhe@gmail.com,police officer
374,Janey,Anestassia,Janey.Anestassia@yopmail.com,Janey.Anestassia@gmail.com,firefighter
375,Leia,Klemperer,Leia.Klemperer@yopmail.com,Leia.Klemperer@gmail.com,police officer
376,Ayn,Woodberry,Ayn.Woodberry@yopmail.com,Ayn.Woodberry@gmail.com,police officer
377,Dacia,Corabella,Dacia.Corabella@yopmail.com,Dacia.Corabella@gmail.com,doctor
378,Aili,Rogerio,Aili.Rogerio@yopmail.com,Aili.Rogerio@gmail.com,police officer
379,Elena,Sinegold,Elena.Sinegold@yopmail.com,Elena.Sinegold@gmail.com,developer
380,Olivette,Papageno,Olivette.Papageno@yopmail.com,Olivette.Papageno@gmail.com,police officer
381,Laure,Raffo,Laure.Raffo@yopmail.com,Laure.Raffo@gmail.com,police officer
382,Elena,Grobe,Elena.Grobe@yopmail.com,Elena.Grobe@gmail.com,doctor
383,Averyl,Dorothy,Averyl.Dorothy@yopmail.com,Averyl.Dorothy@gmail.com,police officer
384,Cristine,Gaal,Cristine.Gaal@yopmail.com,Cristine.Gaal@gmail.com,worker
385,Dania,Suk,Dania.Suk@yopmail.com,Dania.Suk@gmail.com,developer
386,Tybie,Sperling,Tybie.Sperling@yopmail.com,Tybie.Sperling@gmail.com,doctor
387,Jerry,Charity,Jerry.Charity@yopmail.com,Jerry.Charity@gmail.com,doctor
388,Brena,Malina,Brena.Malina@yopmail.com,Brena.Malina@gmail.com,firefighter
389,Ilse,Thunell,Ilse.Thunell@yopmail.com,Ilse.Thunell@gmail.com,developer
390,Barbi,Freddi,Barbi.Freddi@yopmail.com,Barbi.Freddi@gmail.com,firefighter
391,Stephanie,Marcellus,Stephanie.Marcellus@yopmail.com,Stephanie.Marcellus@gmail.com,police officer
392,Janeczka,Rocray,Janeczka.Rocray@yopmail.com,Janeczka.Rocray@gmail.com,firefighter
393,Robbi,Kathie,Robbi.Kathie@yopmail.com,Robbi.Kathie@gmail.com,police officer
394,Benita,Reidar,Benita.Reidar@yopmail.com,Benita.Reidar@gmail.com,developer
395,Roseline,Niccolo,Roseline.Niccolo@yopmail.com,Roseline.Niccolo@gmail.com,worker
396,Bee,Moseley,Bee.Moseley@yopmail.com,Bee.Moseley@gmail.com,worker
397,Meghann,Kress,Meghann.Kress@yopmail.com,Meghann.Kress@gmail.com,worker
398,Hyacinthe,Rheingold,Hyacinthe.Rheingold@yopmail.com,Hyacinthe.Rheingold@gmail.com,doctor
399,Vevay,Nikaniki,Vevay.Nikaniki@yopmail.com,Vevay.Nikaniki@gmail.com,firefighter
400,Taffy,Odell,Taffy.Odell@yopmail.com,Taffy.Odell@gmail.com,firefighter
401,Mureil,Kravits,Mureil.Kravits@yopmail.com,Mureil.Kravits@gmail.com,doctor
402,Grier,Chobot,Grier.Chobot@yopmail.com,Grier.Chobot@gmail.com,doctor
403,Sonni,Erlandson,Sonni.Erlandson@yopmail.com,Sonni.Erlandson@gmail.com,developer
404,Stephanie,Kenwood,Stephanie.Kenwood@yopmail.com,Stephanie.Kenwood@gmail.com,worker
405,Carol-Jean,Berne,Carol-Jean.Berne@yopmail.com,Carol-Jean.Berne@gmail.com,doctor
406,Alleen,Kalinda,Alleen.Kalinda@yopmail.com,Alleen.Kalinda@gmail.com,police officer
407,Alia,Himelman,Alia.Himelman@yopmail.com,Alia.Himelman@gmail.com,firefighter
408,Kalina,Parette,Kalina.Parette@yopmail.com,Kalina.Parette@gmail.com,worker
409,Bibby,Florina,Bibby.Florina@yopmail.com,Bibby.Florina@gmail.com,doctor
410,Phylis,Paine,Phylis.Paine@yopmail.com,Phylis.Paine@gmail.com,developer
411,Lynde,Rad,Lynde.Rad@yopmail.com,Lynde.Rad@gmail.com,developer
412,Jacenta,Eben,Jacenta.Eben@yopmail.com,Jacenta.Eben@gmail.com,police officer
413,Lilith,Jacobah,Lilith.Jacobah@yopmail.com,Lilith.Jacobah@gmail.com,developer
414,Berta,Kosey,Berta.Kosey@yopmail.com,Berta.Kosey@gmail.com,police officer
415,Blinni,Verger,Blinni.Verger@yopmail.com,Blinni.Verger@gmail.com,developer
416,Emelina,Kesley,Emelina.Kesley@yopmail.com,Emelina.Kesley@gmail.com,firefighter
417,Kathy,Melony,Kathy.Melony@yopmail.com,Kathy.Melony@gmail.com,worker
418,Riannon,Mandler,Riannon.Mandler@yopmail.com,Riannon.Mandler@gmail.com,developer
419,Daune,Brady,Daune.Brady@yopmail.com,Daune.Brady@gmail.com,developer
420,Netty,Gombach,Netty.Gombach@yopmail.com,Netty.Gombach@gmail.com,worker
421,Lonnie,Chobot,Lonnie.Chobot@yopmail.com,Lonnie.Chobot@gmail.com,firefighter
422,Marguerite,Havens,Marguerite.Havens@yopmail.com,Marguerite.Havens@gmail.com,police officer
423,Jenda,Reinke,Jenda.Reinke@yopmail.com,Jenda.Reinke@gmail.com,developer
424,Janeczka,Bach,Janeczka.Bach@yopmail.com,Janeczka.Bach@gmail.com,doctor
425,Heddie,Dituri,Heddie.Dituri@yopmail.com,Heddie.Dituri@gmail.com,police officer
426,Lanae,Boehike,Lanae.Boehike@yopmail.com,Lanae.Boehike@gmail.com,doctor
427,Gui,Nerita,Gui.Nerita@yopmail.com,Gui.Nerita@gmail.com,firefighter
428,Marnia,Weaks,Marnia.Weaks@yopmail.com,Marnia.Weaks@gmail.com,developer
429,Maridel,Idelia,Maridel.Idelia@yopmail.com,Maridel.Idelia@gmail.com,doctor
430,Selma,Heidt,Selma.Heidt@yopmail.com,Selma.Heidt@gmail.com,police officer
431,Renae,Dominy,Renae.Dominy@yopmail.com,Renae.Dominy@gmail.com,firefighter
432,Janey,Quinn,Janey.Quinn@yopmail.com,Janey.Quinn@gmail.com,worker
433,Jenda,Cleo,Jenda.Cleo@yopmail.com,Jenda.Cleo@gmail.com,developer
434,Brandise,Mintz,Brandise.Mintz@yopmail.com,Brandise.Mintz@gmail.com,police officer
435,Leanna,Redmond,Leanna.Redmond@yopmail.com,Leanna.Redmond@gmail.com,firefighter
436,Mary,Sancho,Mary.Sancho@yopmail.com,Mary.Sancho@gmail.com,developer
437,Rozele,Berard,Rozele.Berard@yopmail.com,Rozele.Berard@gmail.com,developer
438,Dyann,Fink,Dyann.Fink@yopmail.com,Dyann.Fink@gmail.com,developer
439,Micheline,Modie,Micheline.Modie@yopmail.com,Micheline.Modie@gmail.com,firefighter
440,Bettine,Jehu,Bettine.Jehu@yopmail.com,Bettine.Jehu@gmail.com,police officer
441,Melisent,Rebecka,Melisent.Rebecka@yopmail.com,Melisent.Rebecka@gmail.com,firefighter
442,Danika,Ferrell,Danika.Ferrell@yopmail.com,Danika.Ferrell@gmail.com,doctor
443,Magdalena,Eachern,Magdalena.Eachern@yopmail.com,Magdalena.Eachern@gmail.com,doctor
444,Katleen,Adlare,Katleen.Adlare@yopmail.com,Katleen.Adlare@gmail.com,police officer
445,Benita,Presber,Benita.Presber@yopmail.com,Benita.Presber@gmail.com,firefighter
446,Tressa,Carri,Tressa.Carri@yopmail.com,Tressa.Carri@gmail.com,police officer
447,Vita,Janith,Vita.Janith@yopmail.com,Vita.Janith@gmail.com,firefighter
448,Jacenta,Beniamino,Jacenta.Beniamino@yopmail.com,Jacenta.Beniamino@gmail.com,worker
449,Vivia,Crudden,Vivia.Crudden@yopmail.com,Vivia.Crudden@gmail.com,developer
450,Fanchon,Stuart,Fanchon.Stuart@yopmail.com,Fanchon.Stuart@gmail.com,police officer
451,Camile,Corabella,Camile.Corabella@yopmail.com,Camile.Corabella@gmail.com,police officer
452,Isa,Maryanne,Isa.Maryanne@yopmail.com,Isa.Maryanne@gmail.com,police officer
453,Antonietta,Vins,Antonietta.Vins@yopmail.com,Antonietta.Vins@gmail.com,worker
454,Paola,Earlie,Paola.Earlie@yopmail.com,Paola.Earlie@gmail.com,worker
455,Briney,Greenwald,Briney.Greenwald@yopmail.com,Briney.Greenwald@gmail.com,police officer
456,Vonny,Corrine,Vonny.Corrine@yopmail.com,Vonny.Corrine@gmail.com,firefighter
457,Alameda,Laurianne,Alameda.Laurianne@yopmail.com,Alameda.Laurianne@gmail.com,police officer
458,Lyssa,Emerson,Lyssa.Emerson@yopmail.com,Lyssa.Emerson@gmail.com,firefighter
459,Kirbee,Bonucci,Kirbee.Bonucci@yopmail.com,Kirbee.Bonucci@gmail.com,developer
460,Di,Fax,Di.Fax@yopmail.com,Di.Fax@gmail.com,developer
461,Cassandra,Myrilla,Cassandra.Myrilla@yopmail.com,Cassandra.Myrilla@gmail.com,worker
462,Frank,Ellord,Frank.Ellord@yopmail.com,Frank.Ellord@gmail.com,worker
463,Doralynne,Karna,Doralynne.Karna@yopmail.com,Doralynne.Karna@gmail.com,doctor
464,Kara-Lynn,Marijo,Kara-Lynn.Marijo@yopmail.com,Kara-Lynn.Marijo@gmail.com,developer
465,Nataline,Pond,Nataline.Pond@yopmail.com,Nataline.Pond@gmail.com,police officer
466,Sarette,Zrike,Sarette.Zrike@yopmail.com,Sarette.Zrike@gmail.com,worker
467,Beverley,Guthrie,Beverley.Guthrie@yopmail.com,Beverley.Guthrie@gmail.com,police officer
468,Cathie,Bettine,Cathie.Bettine@yopmail.com,Cathie.Bettine@gmail.com,police officer
469,Ida,Federica,Ida.Federica@yopmail.com,Ida.Federica@gmail.com,doctor
470,Kimmy,Kimmie,Kimmy.Kimmie@yopmail.com,Kimmy.Kimmie@gmail.com,doctor
471,Emelina,Niles,Emelina.Niles@yopmail.com,Emelina.Niles@gmail.com,doctor
472,Elyssa,Bearnard,Elyssa.Bearnard@yopmail.com,Elyssa.Bearnard@gmail.com,doctor
473,Caryl,Francyne,Caryl.Francyne@yopmail.com,Caryl.Francyne@gmail.com,firefighter
474,Lila,Rooney,Lila.Rooney@yopmail.com,Lila.Rooney@gmail.com,firefighter
475,Rochette,Rona,Rochette.Rona@yopmail.com,Rochette.Rona@gmail.com,firefighter
476,Zia,Cloris,Zia.Cloris@yopmail.com,Zia.Cloris@gmail.com,developer
477,Binny,Dreda,Binny.Dreda@yopmail.com,Binny.Dreda@gmail.com,police officer
478,Jessy,Skell,Jessy.Skell@yopmail.com,Jessy.Skell@gmail.com,developer
479,Andree,Briney,Andree.Briney@yopmail.com,Andree.Briney@gmail.com,doctor
480,Annaliese,Ries,Annaliese.Ries@yopmail.com,Annaliese.Ries@gmail.com,developer
481,Camile,Rogerio,Camile.Rogerio@yopmail.com,Camile.Rogerio@gmail.com,firefighter
482,Brianna,Kat,Brianna.Kat@yopmail.com,Brianna.Kat@gmail.com,doctor
483,Sarette,Charity,Sarette.Charity@yopmail.com,Sarette.Charity@gmail.com,doctor
484,Dyann,Warthman,Dyann.Warthman@yopmail.com,Dyann.Warthman@gmail.com,worker
485,Kimberley,Kare,Kimberley.Kare@yopmail.com,Kimberley.Kare@gmail.com,police officer
486,Sharlene,Ciapas,Sharlene.Ciapas@yopmail.com,Sharlene.Ciapas@gmail.com,worker
487,Riannon,Pearse,Riannon.Pearse@yopmail.com,Riannon.Pearse@gmail.com,doctor
488,Kelly,Evangelia,Kelly.Evangelia@yopmail.com,Kelly.Evangelia@gmail.com,developer
489,Lucille,Charmine,Lucille.Charmine@yopmail.com,Lucille.Charmine@gmail.com,police officer
490,Madeleine,Tyson,Madeleine.Tyson@yopmail.com,Madeleine.Tyson@gmail.com,firefighter
491,Halette,Love,Halette.Love@yopmail.com,Halette.Love@gmail.com,worker
492,Cecile,Dannye,Cecile.Dannye@yopmail.com,Cecile.Dannye@gmail.com,worker
493,Kathi,Seagraves,Kathi.Seagraves@yopmail.com,Kathi.Seagraves@gmail.com,police officer
494,Inga,Ummersen,Inga.Ummersen@yopmail.com,Inga.Ummersen@gmail.com,doctor
495,Janey,Sprage,Janey.Sprage@yopmail.com,Janey.Sprage@gmail.com,doctor
496,Fidelia,Yusuk,Fidelia.Yusuk@yopmail.com,Fidelia.Yusuk@gmail.com,doctor
497,Ernesta,Zuzana,Ernesta.Zuzana@yopmail.com,Ernesta.Zuzana@gmail.com,doctor
498,Augustine,Blake,Augustine.Blake@yopmail.com,Augustine.Blake@gmail.com,police officer
499,Monika,Kunin,Monika.Kunin@yopmail.com,Monika.Kunin@gmail.com,developer
500,Deane,Judye,Deane.Judye@yopmail.com,Deane.Judye@gmail.com,worker
501,Cherilyn,Abbot,Cherilyn.Abbot@yopmail.com,Cherilyn.Abbot@gmail.com,firefighter
502,Roxane,Morgun,Roxane.Morgun@yopmail.com,Roxane.Morgun@gmail.com,worker
503,Madelle,Billye,Madelle.Billye@yopmail.com,Madelle.Billye@gmail.com,police officer
504,Hermione,Socha,Hermione.Socha@yopmail.com,Hermione.Socha@gmail.com,worker
505,Odessa,Gavrila,Odessa.Gavrila@yopmail.com,Odessa.Gavrila@gmail.com,firefighter
506,Kassey,Wittie,Kassey.Wittie@yopmail.com,Kassey.Wittie@gmail.com,doctor
507,Tani,Septima,Tani.Septima@yopmail.com,Tani.Septima@gmail.com,firefighter
508,Dale,Imelida,Dale.Imelida@yopmail.com,Dale.Imelida@gmail.com,developer
509,Winny,Valoniah,Winny.Valoniah@yopmail.com,Winny.Valoniah@gmail.com,worker
510,Britte,Ephrem,Britte.Ephrem@yopmail.com,Britte.Ephrem@gmail.com,developer
511,Shannah,Garbe,Shannah.Garbe@yopmail.com,Shannah.Garbe@gmail.com,developer
512,Queenie,Bow,Queenie.Bow@yopmail.com,Queenie.Bow@gmail.com,police officer
513,Chastity,Michella,Chastity.Michella@yopmail.com,Chastity.Michella@gmail.com,doctor
514,Tani,Alejoa,Tani.Alejoa@yopmail.com,Tani.Alejoa@gmail.com,police officer
515,Odessa,Pip,Odessa.Pip@yopmail.com,Odessa.Pip@gmail.com,police officer
516,Kaia,Stelle,Kaia.Stelle@yopmail.com,Kaia.Stelle@gmail.com,police officer
517,Maryellen,Jotham,Maryellen.Jotham@yopmail.com,Maryellen.Jotham@gmail.com,police officer
518,Liana,Georgy,Liana.Georgy@yopmail.com,Liana.Georgy@gmail.com,doctor
519,Fernande,Fancie,Fernande.Fancie@yopmail.com,Fernande.Fancie@gmail.com,doctor
520,Codie,Afton,Codie.Afton@yopmail.com,Codie.Afton@gmail.com,worker
521,Wilma,Anestassia,Wilma.Anestassia@yopmail.com,Wilma.Anestassia@gmail.com,firefighter
522,Carly,Presber,Carly.Presber@yopmail.com,Carly.Presber@gmail.com,worker
523,Fredericka,Behre,Fredericka.Behre@yopmail.com,Fredericka.Behre@gmail.com,developer
524,Melanie,Colyer,Melanie.Colyer@yopmail.com,Melanie.Colyer@gmail.com,worker
525,Romona,Kare,Romona.Kare@yopmail.com,Romona.Kare@gmail.com,developer
526,Jany,Briney,Jany.Briney@yopmail.com,Jany.Briney@gmail.com,developer
527,Sindee,Gaynor,Sindee.Gaynor@yopmail.com,Sindee.Gaynor@gmail.com,doctor
528,Sue,Raama,Sue.Raama@yopmail.com,Sue.Raama@gmail.com,worker
529,Sonni,Barbey,Sonni.Barbey@yopmail.com,Sonni.Barbey@gmail.com,doctor
530,Tybie,Elo,Tybie.Elo@yopmail.com,Tybie.Elo@gmail.com,doctor
531,Clo,Soneson,Clo.Soneson@yopmail.com,Clo.Soneson@gmail.com,firefighter
532,Kial,Helfand,Kial.Helfand@yopmail.com,Kial.Helfand@gmail.com,police officer
533,Nessie,Gavrila,Nessie.Gavrila@yopmail.com,Nessie.Gavrila@gmail.com,developer
534,Ernesta,Ursulette,Ernesta.Ursulette@yopmail.com,Ernesta.Ursulette@gmail.com,doctor
535,Reeba,Jacinda,Reeba.Jacinda@yopmail.com,Reeba.Jacinda@gmail.com,doctor
536,Cassandra,Cristi,Cassandra.Cristi@yopmail.com,Cassandra.Cristi@gmail.com,doctor
537,Pierette,Ovid,Pierette.Ovid@yopmail.com,Pierette.Ovid@gmail.com,developer
538,Myriam,Orlene,Myriam.Orlene@yopmail.com,Myriam.Orlene@gmail.com,firefighter
539,Ariela,Killigrew,Ariela.Killigrew@yopmail.com,Ariela.Killigrew@gmail.com,developer
540,Bibby,Stover,Bibby.Stover@yopmail.com,Bibby.Stover@gmail.com,doctor
541,Dania,Glovsky,Dania.Glovsky@yopmail.com,Dania.Glovsky@gmail.com,firefighter
542,Oona,Wyn,Oona.Wyn@yopmail.com,Oona.Wyn@gmail.com,police officer
543,Hollie,Toffic,Hollie.Toffic@yopmail.com,Hollie.Toffic@gmail.com,firefighter
544,Demetris,Rona,Demetris.Rona@yopmail.com,Demetris.Rona@gmail.com,developer
545,Lucy,Macey,Lucy.Macey@yopmail.com,Lucy.Macey@gmail.com,worker
546,Roslyn,Nore,Roslyn.Nore@yopmail.com,Roslyn.Nore@gmail.com,developer
547,Catrina,Buckler,Catrina.Buckler@yopmail.com,Catrina.Buckler@gmail.com,firefighter
548,Lory,Holtz,Lory.Holtz@yopmail.com,Lory.Holtz@gmail.com,developer
549,Bertine,Gamaliel,Bertine.Gamaliel@yopmail.com,Bertine.Gamaliel@gmail.com,worker
550,Paulita,Euridice,Paulita.Euridice@yopmail.com,Paulita.Euridice@gmail.com,firefighter
551,Clementine,Hebner,Clementine.Hebner@yopmail.com,Clementine.Hebner@gmail.com,doctor
552,Ronna,Kevon,Ronna.Kevon@yopmail.com,Ronna.Kevon@gmail.com,worker
553,Norine,Ivens,Norine.Ivens@yopmail.com,Norine.Ivens@gmail.com,doctor
554,Alia,Lipson,Alia.Lipson@yopmail.com,Alia.Lipson@gmail.com,doctor
555,Lory,Ochs,Lory.Ochs@yopmail.com,Lory.Ochs@gmail.com,worker
556,Judy,Rodmann,Judy.Rodmann@yopmail.com,Judy.Rodmann@gmail.com,developer
557,Devina,Presber,Devina.Presber@yopmail.com,Devina.Presber@gmail.com,developer
558,Lilith,Charity,Lilith.Charity@yopmail.com,Lilith.Charity@gmail.com,doctor
559,Courtnay,Fancie,Courtnay.Fancie@yopmail.com,Courtnay.Fancie@gmail.com,worker
560,Lanna,Neils,Lanna.Neils@yopmail.com,Lanna.Neils@gmail.com,worker
561,June,Neils,June.Neils@yopmail.com,June.Neils@gmail.com,worker
562,Jobi,Trinetta,Jobi.Trinetta@yopmail.com,Jobi.Trinetta@gmail.com,police officer
563,Veda,Buckler,Veda.Buckler@yopmail.com,Veda.Buckler@gmail.com,worker
564,Ada,Madaih,Ada.Madaih@yopmail.com,Ada.Madaih@gmail.com,firefighter
565,Brianna,Ilka,Brianna.Ilka@yopmail.com,Brianna.Ilka@gmail.com,doctor
566,Kaia,Melleta,Kaia.Melleta@yopmail.com,Kaia.Melleta@gmail.com,worker
567,Kayla,Infield,Kayla.Infield@yopmail.com,Kayla.Infield@gmail.com,police officer
568,Carlie,Hepsibah,Carlie.Hepsibah@yopmail.com,Carlie.Hepsibah@gmail.com,police officer
569,Mahalia,Bevin,Mahalia.Bevin@yopmail.com,Mahalia.Bevin@gmail.com,police officer
570,Margette,Briney,Margette.Briney@yopmail.com,Margette.Briney@gmail.com,developer
571,Cherilyn,Kussell,Cherilyn.Kussell@yopmail.com,Cherilyn.Kussell@gmail.com,doctor
572,Corina,Creamer,Corina.Creamer@yopmail.com,Corina.Creamer@gmail.com,doctor
573,Shandie,Meter,Shandie.Meter@yopmail.com,Shandie.Meter@gmail.com,doctor
574,Ana,Lattie,Ana.Lattie@yopmail.com,Ana.Lattie@gmail.com,doctor
575,Kristan,Beebe,Kristan.Beebe@yopmail.com,Kristan.Beebe@gmail.com,developer
576,Dawn,Sisile,Dawn.Sisile@yopmail.com,Dawn.Sisile@gmail.com,doctor
577,Hettie,Brackely,Hettie.Brackely@yopmail.com,Hettie.Brackely@gmail.com,firefighter
578,Charlena,Gibbeon,Charlena.Gibbeon@yopmail.com,Charlena.Gibbeon@gmail.com,police officer
579,Sara-Ann,Wenoa,Sara-Ann.Wenoa@yopmail.com,Sara-Ann.Wenoa@gmail.com,doctor
580,Berget,Winnick,Berget.Winnick@yopmail.com,Berget.Winnick@gmail.com,police officer
581,Lily,Sholley,Lily.Sholley@yopmail.com,Lily.Sholley@gmail.com,police officer
582,Binny,Sadowski,Binny.Sadowski@yopmail.com,Binny.Sadowski@gmail.com,police officer
583,Frances,Gahl,Frances.Gahl@yopmail.com,Frances.Gahl@gmail.com,worker
584,Desirae,Dannye,Desirae.Dannye@yopmail.com,Desirae.Dannye@gmail.com,doctor
585,Lanna,Zitvaa,Lanna.Zitvaa@yopmail.com,Lanna.Zitvaa@gmail.com,worker
586,Dale,Goddard,Dale.Goddard@yopmail.com,Dale.Goddard@gmail.com,firefighter
587,Teddie,Pip,Teddie.Pip@yopmail.com,Teddie.Pip@gmail.com,worker
588,Chastity,Iiette,Chastity.Iiette@yopmail.com,Chastity.Iiette@gmail.com,firefighter
589,Eadie,Magdalen,Eadie.Magdalen@yopmail.com,Eadie.Magdalen@gmail.com,worker
590,Briney,Tremayne,Briney.Tremayne@yopmail.com,Briney.Tremayne@gmail.com,doctor
591,Abbie,Lamoree,Abbie.Lamoree@yopmail.com,Abbie.Lamoree@gmail.com,firefighter
592,Gerrie,Tamar,Gerrie.Tamar@yopmail.com,Gerrie.Tamar@gmail.com,doctor
593,Courtnay,Naashom,Courtnay.Naashom@yopmail.com,Courtnay.Naashom@gmail.com,worker
594,Dulcinea,Simmonds,Dulcinea.Simmonds@yopmail.com,Dulcinea.Simmonds@gmail.com,police officer
595,Maurene,Astra,Maurene.Astra@yopmail.com,Maurene.Astra@gmail.com,developer
596,Emelina,Leary,Emelina.Leary@yopmail.com,Emelina.Leary@gmail.com,worker
597,Winny,Solitta,Winny.Solitta@yopmail.com,Winny.Solitta@gmail.com,police officer
598,Daune,Presber,Daune.Presber@yopmail.com,Daune.Presber@gmail.com,police officer
599,Marti,Daveta,Marti.Daveta@yopmail.com,Marti.Daveta@gmail.com,doctor
600,Ellette,Sheng,Ellette.Sheng@yopmail.com,Ellette.Sheng@gmail.com,developer
601,Dagmar,Georgy,Dagmar.Georgy@yopmail.com,Dagmar.Georgy@gmail.com,police officer
602,Chickie,Karna,Chickie.Karna@yopmail.com,Chickie.Karna@gmail.com,developer
603,Elvira,Zola,Elvira.Zola@yopmail.com,Elvira.Zola@gmail.com,police officer
604,Zondra,Parsaye,Zondra.Parsaye@yopmail.com,Zondra.Parsaye@gmail.com,developer
605,Jaclyn,Faso,Jaclyn.Faso@yopmail.com,Jaclyn.Faso@gmail.com,developer
606,Elise,Argus,Elise.Argus@yopmail.com,Elise.Argus@gmail.com,firefighter
607,Jorry,Rosalba,Jorry.Rosalba@yopmail.com,Jorry.Rosalba@gmail.com,doctor
608,Aigneis,Pettiford,Aigneis.Pettiford@yopmail.com,Aigneis.Pettiford@gmail.com,developer
609,Agathe,Moina,Agathe.Moina@yopmail.com,Agathe.Moina@gmail.com,police officer
610,Ethel,Obed,Ethel.Obed@yopmail.com,Ethel.Obed@gmail.com,police officer
611,Mellicent,Gaulin,Mellicent.Gaulin@yopmail.com,Mellicent.Gaulin@gmail.com,developer
612,Berget,Creamer,Berget.Creamer@yopmail.com,Berget.Creamer@gmail.com,worker
613,Coral,Croix,Coral.Croix@yopmail.com,Coral.Croix@gmail.com,developer
614,Carly,Lynn,Carly.Lynn@yopmail.com,Carly.Lynn@gmail.com,developer
615,Deane,Olin,Deane.Olin@yopmail.com,Deane.Olin@gmail.com,doctor
616,Leeanne,Leopold,Leeanne.Leopold@yopmail.com,Leeanne.Leopold@gmail.com,firefighter
617,Danny,Hedve,Danny.Hedve@yopmail.com,Danny.Hedve@gmail.com,doctor
618,Michaelina,Fillbert,Michaelina.Fillbert@yopmail.com,Michaelina.Fillbert@gmail.com,firefighter
619,Keelia,Palocz,Keelia.Palocz@yopmail.com,Keelia.Palocz@gmail.com,developer
620,Gabi,Cohdwell,Gabi.Cohdwell@yopmail.com,Gabi.Cohdwell@gmail.com,police officer
621,Sherrie,Keily,Sherrie.Keily@yopmail.com,Sherrie.Keily@gmail.com,police officer
622,Aurelie,Alrich,Aurelie.Alrich@yopmail.com,Aurelie.Alrich@gmail.com,firefighter
623,Viki,Fulmer,Viki.Fulmer@yopmail.com,Viki.Fulmer@gmail.com,developer
624,Linzy,Waite,Linzy.Waite@yopmail.com,Linzy.Waite@gmail.com,police officer
625,Feliza,Elo,Feliza.Elo@yopmail.com,Feliza.Elo@gmail.com,police officer
626,Dulce,Henebry,Dulce.Henebry@yopmail.com,Dulce.Henebry@gmail.com,doctor
627,Danny,Jena,Danny.Jena@yopmail.com,Danny.Jena@gmail.com,firefighter
628,Tierney,Tice,Tierney.Tice@yopmail.com,Tierney.Tice@gmail.com,developer
629,Minne,Ashok,Minne.Ashok@yopmail.com,Minne.Ashok@gmail.com,worker
630,Vita,Mathilde,Vita.Mathilde@yopmail.com,Vita.Mathilde@gmail.com,worker
631,Rosaline,Tiffa,Rosaline.Tiffa@yopmail.com,Rosaline.Tiffa@gmail.com,developer
632,Reeba,Lalitta,Reeba.Lalitta@yopmail.com,Reeba.Lalitta@gmail.com,firefighter
633,Hyacinthe,Vins,Hyacinthe.Vins@yopmail.com,Hyacinthe.Vins@gmail.com,developer
634,Briney,Denis,Briney.Denis@yopmail.com,Briney.Denis@gmail.com,doctor
635,Fredericka,Ferino,Fredericka.Ferino@yopmail.com,Fredericka.Ferino@gmail.com,developer
636,Elora,Suzetta,Elora.Suzetta@yopmail.com,Elora.Suzetta@gmail.com,police officer
637,Jacenta,Sasnett,Jacenta.Sasnett@yopmail.com,Jacenta.Sasnett@gmail.com,doctor
638,Barbi,Flita,Barbi.Flita@yopmail.com,Barbi.Flita@gmail.com,firefighter
639,Natka,Adalbert,Natka.Adalbert@yopmail.com,Natka.Adalbert@gmail.com,police officer
640,Eugine,Vittoria,Eugine.Vittoria@yopmail.com,Eugine.Vittoria@gmail.com,doctor
641,Regina,Kirbee,Regina.Kirbee@yopmail.com,Regina.Kirbee@gmail.com,police officer
642,Myriam,Blisse,Myriam.Blisse@yopmail.com,Myriam.Blisse@gmail.com,developer
643,Aili,Wu,Aili.Wu@yopmail.com,Aili.Wu@gmail.com,worker
644,Jsandye,Sprage,Jsandye.Sprage@yopmail.com,Jsandye.Sprage@gmail.com,doctor
645,Jorry,Barbey,Jorry.Barbey@yopmail.com,Jorry.Barbey@gmail.com,firefighter
646,Claudina,Marlie,Claudina.Marlie@yopmail.com,Claudina.Marlie@gmail.com,police officer
647,Lynnea,Konyn,Lynnea.Konyn@yopmail.com,Lynnea.Konyn@gmail.com,doctor
648,Alleen,Afton,Alleen.Afton@yopmail.com,Alleen.Afton@gmail.com,worker
649,Lolita,Morehouse,Lolita.Morehouse@yopmail.com,Lolita.Morehouse@gmail.com,firefighter
650,Leia,Olympium,Leia.Olympium@yopmail.com,Leia.Olympium@gmail.com,developer
651,Damaris,Bergman,Damaris.Bergman@yopmail.com,Damaris.Bergman@gmail.com,police officer
652,Yvonne,Aldric,Yvonne.Aldric@yopmail.com,Yvonne.Aldric@gmail.com,firefighter
653,Hettie,Medrek,Hettie.Medrek@yopmail.com,Hettie.Medrek@gmail.com,worker
654,Debee,Jagir,Debee.Jagir@yopmail.com,Debee.Jagir@gmail.com,worker
655,Kelly,Boehike,Kelly.Boehike@yopmail.com,Kelly.Boehike@gmail.com,worker
656,Meriel,Kussell,Meriel.Kussell@yopmail.com,Meriel.Kussell@gmail.com,developer
657,Emmey,Goerke,Emmey.Goerke@yopmail.com,Emmey.Goerke@gmail.com,worker
658,Drucie,Hull,Drucie.Hull@yopmail.com,Drucie.Hull@gmail.com,firefighter
659,Carlie,Wilkinson,Carlie.Wilkinson@yopmail.com,Carlie.Wilkinson@gmail.com,police officer
660,Calla,Ries,Calla.Ries@yopmail.com,Calla.Ries@gmail.com,doctor
661,Iseabal,Sundin,Iseabal.Sundin@yopmail.com,Iseabal.Sundin@gmail.com,doctor
662,Lisette,Zitvaa,Lisette.Zitvaa@yopmail.com,Lisette.Zitvaa@gmail.com,developer
663,Liana,Germann,Liana.Germann@yopmail.com,Liana.Germann@gmail.com,police officer
664,Christal,Eldrid,Christal.Eldrid@yopmail.com,Christal.Eldrid@gmail.com,doctor
665,Shell,Emmy,Shell.Emmy@yopmail.com,Shell.Emmy@gmail.com,police officer
666,Marcelline,Desai,Marcelline.Desai@yopmail.com,Marcelline.Desai@gmail.com,worker
667,Fredericka,Salchunas,Fredericka.Salchunas@yopmail.com,Fredericka.Salchunas@gmail.com,police officer
668,Carly,Thema,Carly.Thema@yopmail.com,Carly.Thema@gmail.com,police officer
669,Carmela,Fabiola,Carmela.Fabiola@yopmail.com,Carmela.Fabiola@gmail.com,firefighter
670,Lisette,Garrison,Lisette.Garrison@yopmail.com,Lisette.Garrison@gmail.com,doctor
671,Anica,Dowski,Anica.Dowski@yopmail.com,Anica.Dowski@gmail.com,doctor
672,Abbie,Mendez,Abbie.Mendez@yopmail.com,Abbie.Mendez@gmail.com,worker
673,Netty,Ethban,Netty.Ethban@yopmail.com,Netty.Ethban@gmail.com,developer
674,Amara,Rona,Amara.Rona@yopmail.com,Amara.Rona@gmail.com,worker
675,Lucy,Joeann,Lucy.Joeann@yopmail.com,Lucy.Joeann@gmail.com,worker
676,Merry,Hieronymus,Merry.Hieronymus@yopmail.com,Merry.Hieronymus@gmail.com,worker
677,Netty,Edee,Netty.Edee@yopmail.com,Netty.Edee@gmail.com,police officer
678,Sidoney,Bury,Sidoney.Bury@yopmail.com,Sidoney.Bury@gmail.com,worker
679,Madalyn,Felecia,Madalyn.Felecia@yopmail.com,Madalyn.Felecia@gmail.com,firefighter
680,Correy,Penelopa,Correy.Penelopa@yopmail.com,Correy.Penelopa@gmail.com,firefighter
681,Bettine,Weitman,Bettine.Weitman@yopmail.com,Bettine.Weitman@gmail.com,developer
682,Vanessa,Stoller,Vanessa.Stoller@yopmail.com,Vanessa.Stoller@gmail.com,firefighter
683,Lauryn,Craggie,Lauryn.Craggie@yopmail.com,Lauryn.Craggie@gmail.com,developer
684,Melanie,Jammal,Melanie.Jammal@yopmail.com,Melanie.Jammal@gmail.com,developer
685,Tobe,Corabella,Tobe.Corabella@yopmail.com,Tobe.Corabella@gmail.com,developer
686,Frances,Dulciana,Frances.Dulciana@yopmail.com,Frances.Dulciana@gmail.com,police officer
687,Codie,Strephon,Codie.Strephon@yopmail.com,Codie.Strephon@gmail.com,worker
688,Averyl,Jacobah,Averyl.Jacobah@yopmail.com,Averyl.Jacobah@gmail.com,firefighter
689,Nollie,Melony,Nollie.Melony@yopmail.com,Nollie.Melony@gmail.com,firefighter
690,Marjie,Voletta,Marjie.Voletta@yopmail.com,Marjie.Voletta@gmail.com,firefighter
691,Collen,Ashok,Collen.Ashok@yopmail.com,Collen.Ashok@gmail.com,doctor
692,Dolli,Christine,Dolli.Christine@yopmail.com,Dolli.Christine@gmail.com,developer
693,Caritta,Helfand,Caritta.Helfand@yopmail.com,Caritta.Helfand@gmail.com,firefighter
694,Selma,Simmonds,Selma.Simmonds@yopmail.com,Selma.Simmonds@gmail.com,developer
695,Frieda,Fulmer,Frieda.Fulmer@yopmail.com,Frieda.Fulmer@gmail.com,police officer
696,Celene,Longfellow,Celene.Longfellow@yopmail.com,Celene.Longfellow@gmail.com,firefighter
697,Johna,Knowling,Johna.Knowling@yopmail.com,Johna.Knowling@gmail.com,worker
698,Verla,Remmer,Verla.Remmer@yopmail.com,Verla.Remmer@gmail.com,firefighter
699,Violet,Lucienne,Violet.Lucienne@yopmail.com,Violet.Lucienne@gmail.com,doctor
700,Myriam,Natalia,Myriam.Natalia@yopmail.com,Myriam.Natalia@gmail.com,firefighter
701,Doralynne,Toor,Doralynne.Toor@yopmail.com,Doralynne.Toor@gmail.com,worker
702,Zondra,Eno,Zondra.Eno@yopmail.com,Zondra.Eno@gmail.com,police officer
703,Annaliese,Seumas,Annaliese.Seumas@yopmail.com,Annaliese.Seumas@gmail.com,developer
704,Millie,Heidt,Millie.Heidt@yopmail.com,Millie.Heidt@gmail.com,firefighter
705,Rosene,Thar,Rosene.Thar@yopmail.com,Rosene.Thar@gmail.com,worker
706,Carmencita,Erich,Carmencita.Erich@yopmail.com,Carmencita.Erich@gmail.com,developer
707,Jany,Graig,Jany.Graig@yopmail.com,Jany.Graig@gmail.com,worker
708,Vere,Robertson,Vere.Robertson@yopmail.com,Vere.Robertson@gmail.com,firefighter
709,Dorothy,Bergman,Dorothy.Bergman@yopmail.com,Dorothy.Bergman@gmail.com,developer
710,Kimberley,Zuzana,Kimberley.Zuzana@yopmail.com,Kimberley.Zuzana@gmail.com,firefighter
711,Amii,Greenwald,Amii.Greenwald@yopmail.com,Amii.Greenwald@gmail.com,developer
712,Susan,Madelene,Susan.Madelene@yopmail.com,Susan.Madelene@gmail.com,firefighter
713,Elie,Cosenza,Elie.Cosenza@yopmail.com,Elie.Cosenza@gmail.com,firefighter
714,Brana,Abbot,Brana.Abbot@yopmail.com,Brana.Abbot@gmail.com,worker
715,Bibby,Yam,Bibby.Yam@yopmail.com,Bibby.Yam@gmail.com,worker
716,Madalyn,Santoro,Madalyn.Santoro@yopmail.com,Madalyn.Santoro@gmail.com,doctor
717,Briney,Xerxes,Briney.Xerxes@yopmail.com,Briney.Xerxes@gmail.com,police officer
718,Tracey,Solitta,Tracey.Solitta@yopmail.com,Tracey.Solitta@gmail.com,developer
719,Tabbatha,Janene,Tabbatha.Janene@yopmail.com,Tabbatha.Janene@gmail.com,developer
720,Gusella,Quent,Gusella.Quent@yopmail.com,Gusella.Quent@gmail.com,firefighter
721,Marinna,Hermes,Marinna.Hermes@yopmail.com,Marinna.Hermes@gmail.com,worker
722,Magdalena,Jorgan,Magdalena.Jorgan@yopmail.com,Magdalena.Jorgan@gmail.com,worker
723,Dania,Moina,Dania.Moina@yopmail.com,Dania.Moina@gmail.com,doctor
724,Frieda,Kenwood,Frieda.Kenwood@yopmail.com,Frieda.Kenwood@gmail.com,firefighter
725,Tamqrah,Macey,Tamqrah.Macey@yopmail.com,Tamqrah.Macey@gmail.com,worker
726,Merry,Madelene,Merry.Madelene@yopmail.com,Merry.Madelene@gmail.com,worker
727,Lonnie,Solitta,Lonnie.Solitta@yopmail.com,Lonnie.Solitta@gmail.com,worker
728,Dominga,Tryck,Dominga.Tryck@yopmail.com,Dominga.Tryck@gmail.com,developer
729,Olivette,Marlie,Olivette.Marlie@yopmail.com,Olivette.Marlie@gmail.com,worker
730,Demetris,Trey,Demetris.Trey@yopmail.com,Demetris.Trey@gmail.com,worker
731,Delilah,Halla,Delilah.Halla@yopmail.com,Delilah.Halla@gmail.com,doctor
732,Molli,Persse,Molli.Persse@yopmail.com,Molli.Persse@gmail.com,police officer
733,Roxane,Melony,Roxane.Melony@yopmail.com,Roxane.Melony@gmail.com,police officer
734,Priscilla,Lane,Priscilla.Lane@yopmail.com,Priscilla.Lane@gmail.com,police officer
735,Stacey,Ade,Stacey.Ade@yopmail.com,Stacey.Ade@gmail.com,firefighter
736,Janeczka,Tippets,Janeczka.Tippets@yopmail.com,Janeczka.Tippets@gmail.com,doctor
737,Jasmina,Brian,Jasmina.Brian@yopmail.com,Jasmina.Brian@gmail.com,developer
738,Marline,Abernon,Marline.Abernon@yopmail.com,Marline.Abernon@gmail.com,developer
739,Clementine,Hillel,Clementine.Hillel@yopmail.com,Clementine.Hillel@gmail.com,firefighter
740,Damaris,Geffner,Damaris.Geffner@yopmail.com,Damaris.Geffner@gmail.com,doctor
741,Yetty,Rheingold,Yetty.Rheingold@yopmail.com,Yetty.Rheingold@gmail.com,police officer
742,Celene,Dahlia,Celene.Dahlia@yopmail.com,Celene.Dahlia@gmail.com,police officer
743,Nannie,Naashom,Nannie.Naashom@yopmail.com,Nannie.Naashom@gmail.com,developer
744,Kore,Kazimir,Kore.Kazimir@yopmail.com,Kore.Kazimir@gmail.com,worker
745,Nananne,Yusuk,Nananne.Yusuk@yopmail.com,Nananne.Yusuk@gmail.com,firefighter
746,Maud,Loring,Maud.Loring@yopmail.com,Maud.Loring@gmail.com,doctor
747,Cathie,Imelida,Cathie.Imelida@yopmail.com,Cathie.Imelida@gmail.com,doctor
748,Juliane,Westphal,Juliane.Westphal@yopmail.com,Juliane.Westphal@gmail.com,worker
749,Margette,Caitlin,Margette.Caitlin@yopmail.com,Margette.Caitlin@gmail.com,developer
750,Inga,Ramona,Inga.Ramona@yopmail.com,Inga.Ramona@gmail.com,developer
751,Kelly,Lorenz,Kelly.Lorenz@yopmail.com,Kelly.Lorenz@gmail.com,police officer
752,Leontine,Dunkin,Leontine.Dunkin@yopmail.com,Leontine.Dunkin@gmail.com,firefighter
753,Alia,Wenda,Alia.Wenda@yopmail.com,Alia.Wenda@gmail.com,worker
754,Angelique,Mandler,Angelique.Mandler@yopmail.com,Angelique.Mandler@gmail.com,worker
755,Stacey,Jotham,Stacey.Jotham@yopmail.com,Stacey.Jotham@gmail.com,police officer
756,Noelle,Bandeen,Noelle.Bandeen@yopmail.com,Noelle.Bandeen@gmail.com,firefighter
757,Clo,Ciro,Clo.Ciro@yopmail.com,Clo.Ciro@gmail.com,firefighter
758,Gisela,Brittani,Gisela.Brittani@yopmail.com,Gisela.Brittani@gmail.com,firefighter
759,Rebeca,Thad,Rebeca.Thad@yopmail.com,Rebeca.Thad@gmail.com,worker
760,Hollie,Maryanne,Hollie.Maryanne@yopmail.com,Hollie.Maryanne@gmail.com,police officer
761,Annabela,Clarissa,Annabela.Clarissa@yopmail.com,Annabela.Clarissa@gmail.com,firefighter
762,Demetris,Karna,Demetris.Karna@yopmail.com,Demetris.Karna@gmail.com,worker
763,Frances,Rogerio,Frances.Rogerio@yopmail.com,Frances.Rogerio@gmail.com,firefighter
764,Valera,Cottle,Valera.Cottle@yopmail.com,Valera.Cottle@gmail.com,worker
765,Allyce,Percy,Allyce.Percy@yopmail.com,Allyce.Percy@gmail.com,police officer
766,Ileana,Himelman,Ileana.Himelman@yopmail.com,Ileana.Himelman@gmail.com,worker
767,Basia,Isidore,Basia.Isidore@yopmail.com,Basia.Isidore@gmail.com,firefighter
768,Nelle,Rooney,Nelle.Rooney@yopmail.com,Nelle.Rooney@gmail.com,developer
769,Jere,Juliet,Jere.Juliet@yopmail.com,Jere.Juliet@gmail.com,firefighter
770,Shaine,Mich,Shaine.Mich@yopmail.com,Shaine.Mich@gmail.com,developer
771,Gianina,Elbertina,Gianina.Elbertina@yopmail.com,Gianina.Elbertina@gmail.com,worker
772,Korrie,Hieronymus,Korrie.Hieronymus@yopmail.com,Korrie.Hieronymus@gmail.com,developer
773,Maryellen,Jess,Maryellen.Jess@yopmail.com,Maryellen.Jess@gmail.com,police officer
774,Nikki,Flyn,Nikki.Flyn@yopmail.com,Nikki.Flyn@gmail.com,firefighter
775,Kirbee,Ophelia,Kirbee.Ophelia@yopmail.com,Kirbee.Ophelia@gmail.com,worker
776,Valli,Ader,Valli.Ader@yopmail.com,Valli.Ader@gmail.com,doctor
777,Aaren,Fleeta,Aaren.Fleeta@yopmail.com,Aaren.Fleeta@gmail.com,doctor
778,Elora,Zamora,Elora.Zamora@yopmail.com,Elora.Zamora@gmail.com,firefighter
779,Brana,Si,Brana.Si@yopmail.com,Brana.Si@gmail.com,doctor
780,Gabi,Burkle,Gabi.Burkle@yopmail.com,Gabi.Burkle@gmail.com,doctor
781,Farrah,Ader,Farrah.Ader@yopmail.com,Farrah.Ader@gmail.com,police officer
782,Roz,Engdahl,Roz.Engdahl@yopmail.com,Roz.Engdahl@gmail.com,developer
783,Loree,Louanna,Loree.Louanna@yopmail.com,Loree.Louanna@gmail.com,worker
784,Selma,Shelba,Selma.Shelba@yopmail.com,Selma.Shelba@gmail.com,developer
785,Vita,Ball,Vita.Ball@yopmail.com,Vita.Ball@gmail.com,firefighter
786,Clarice,Lauraine,Clarice.Lauraine@yopmail.com,Clarice.Lauraine@gmail.com,police officer
787,Brandise,Lilybelle,Brandise.Lilybelle@yopmail.com,Brandise.Lilybelle@gmail.com,developer
788,Katuscha,Abernon,Katuscha.Abernon@yopmail.com,Katuscha.Abernon@gmail.com,firefighter
789,Gwenneth,Lalitta,Gwenneth.Lalitta@yopmail.com,Gwenneth.Lalitta@gmail.com,doctor
790,Cristabel,Lail,Cristabel.Lail@yopmail.com,Cristabel.Lail@gmail.com,worker
791,Lanae,Hazlett,Lanae.Hazlett@yopmail.com,Lanae.Hazlett@gmail.com,firefighter
792,Ada,Raimondo,Ada.Raimondo@yopmail.com,Ada.Raimondo@gmail.com,police officer
793,Rebeca,Niccolo,Rebeca.Niccolo@yopmail.com,Rebeca.Niccolo@gmail.com,firefighter
794,Gusella,Han,Gusella.Han@yopmail.com,Gusella.Han@gmail.com,police officer
795,Lenna,Konyn,Lenna.Konyn@yopmail.com,Lenna.Konyn@gmail.com,police officer
796,Kathy,Harday,Kathy.Harday@yopmail.com,Kathy.Harday@gmail.com,firefighter
797,Misha,Arley,Misha.Arley@yopmail.com,Misha.Arley@gmail.com,developer
798,Ileana,Schlosser,Ileana.Schlosser@yopmail.com,Ileana.Schlosser@gmail.com,police officer
799,Elka,Lorenz,Elka.Lorenz@yopmail.com,Elka.Lorenz@gmail.com,firefighter
800,Ekaterina,Carvey,Ekaterina.Carvey@yopmail.com,Ekaterina.Carvey@gmail.com,worker
801,Christal,Lucienne,Christal.Lucienne@yopmail.com,Christal.Lucienne@gmail.com,worker
802,Kara-Lynn,Lay,Kara-Lynn.Lay@yopmail.com,Kara-Lynn.Lay@gmail.com,doctor
803,Sybille,Leopold,Sybille.Leopold@yopmail.com,Sybille.Leopold@gmail.com,doctor
804,Elfreda,Sheng,Elfreda.Sheng@yopmail.com,Elfreda.Sheng@gmail.com,firefighter
805,Annaliese,Kazimir,Annaliese.Kazimir@yopmail.com,Annaliese.Kazimir@gmail.com,doctor
806,Barbara,Huggins,Barbara.Huggins@yopmail.com,Barbara.Huggins@gmail.com,developer
807,Pierette,Vivle,Pierette.Vivle@yopmail.com,Pierette.Vivle@gmail.com,developer
808,Mara,Tiffa,Mara.Tiffa@yopmail.com,Mara.Tiffa@gmail.com,police officer
809,Kelly,Melleta,Kelly.Melleta@yopmail.com,Kelly.Melleta@gmail.com,doctor
810,Renae,Euridice,Renae.Euridice@yopmail.com,Renae.Euridice@gmail.com,doctor
811,Antonietta,Dannye,Antonietta.Dannye@yopmail.com,Antonietta.Dannye@gmail.com,police officer
812,Layla,Hieronymus,Layla.Hieronymus@yopmail.com,Layla.Hieronymus@gmail.com,developer
813,Deloria,Rad,Deloria.Rad@yopmail.com,Deloria.Rad@gmail.com,firefighter
814,Annabela,Cath,Annabela.Cath@yopmail.com,Annabela.Cath@gmail.com,police officer
815,Nerta,Reinke,Nerta.Reinke@yopmail.com,Nerta.Reinke@gmail.com,doctor
816,Sarette,Vivle,Sarette.Vivle@yopmail.com,Sarette.Vivle@gmail.com,developer
817,Cissiee,Jammal,Cissiee.Jammal@yopmail.com,Cissiee.Jammal@gmail.com,developer
818,Gisela,Lenny,Gisela.Lenny@yopmail.com,Gisela.Lenny@gmail.com,worker
819,Quintina,Aaberg,Quintina.Aaberg@yopmail.com,Quintina.Aaberg@gmail.com,developer
820,Wynne,Sherrie,Wynne.Sherrie@yopmail.com,Wynne.Sherrie@gmail.com,firefighter
821,Lonnie,Leifeste,Lonnie.Leifeste@yopmail.com,Lonnie.Leifeste@gmail.com,developer
822,Peri,Gualtiero,Peri.Gualtiero@yopmail.com,Peri.Gualtiero@gmail.com,developer
823,Lenna,Mandler,Lenna.Mandler@yopmail.com,Lenna.Mandler@gmail.com,worker
824,Selma,Nadia,Selma.Nadia@yopmail.com,Selma.Nadia@gmail.com,worker
825,Cordi,Felecia,Cordi.Felecia@yopmail.com,Cordi.Felecia@gmail.com,police officer
826,Jsandye,Bobbee,Jsandye.Bobbee@yopmail.com,Jsandye.Bobbee@gmail.com,developer
827,Heida,Hull,Heida.Hull@yopmail.com,Heida.Hull@gmail.com,police officer
828,Lilith,Sandye,Lilith.Sandye@yopmail.com,Lilith.Sandye@gmail.com,worker
829,Robinia,Kannry,Robinia.Kannry@yopmail.com,Robinia.Kannry@gmail.com,police officer
830,Rozele,Alexandr,Rozele.Alexandr@yopmail.com,Rozele.Alexandr@gmail.com,developer
831,Jacenta,Artie,Jacenta.Artie@yopmail.com,Jacenta.Artie@gmail.com,worker
832,Janis,Zamora,Janis.Zamora@yopmail.com,Janis.Zamora@gmail.com,worker
833,Joane,Berl,Joane.Berl@yopmail.com,Joane.Berl@gmail.com,firefighter
834,Sean,Teddman,Sean.Teddman@yopmail.com,Sean.Teddman@gmail.com,worker
835,Angelique,Publia,Angelique.Publia@yopmail.com,Angelique.Publia@gmail.com,firefighter
836,Norine,Aaberg,Norine.Aaberg@yopmail.com,Norine.Aaberg@gmail.com,developer
837,Lyssa,Bury,Lyssa.Bury@yopmail.com,Lyssa.Bury@gmail.com,developer
838,Sheree,Kat,Sheree.Kat@yopmail.com,Sheree.Kat@gmail.com,police officer
839,Sean,Maryanne,Sean.Maryanne@yopmail.com,Sean.Maryanne@gmail.com,police officer
840,Konstance,Medrek,Konstance.Medrek@yopmail.com,Konstance.Medrek@gmail.com,police officer
841,Rozele,Diann,Rozele.Diann@yopmail.com,Rozele.Diann@gmail.com,police officer
842,Mady,Milde,Mady.Milde@yopmail.com,Mady.Milde@gmail.com,firefighter
843,Wendi,Yorick,Wendi.Yorick@yopmail.com,Wendi.Yorick@gmail.com,developer
844,Anestassia,Cimbura,Anestassia.Cimbura@yopmail.com,Anestassia.Cimbura@gmail.com,firefighter
845,Hettie,Berl,Hettie.Berl@yopmail.com,Hettie.Berl@gmail.com,worker
846,Pamella,Connelly,Pamella.Connelly@yopmail.com,Pamella.Connelly@gmail.com,worker
847,Corry,Elo,Corry.Elo@yopmail.com,Corry.Elo@gmail.com,police officer
848,Paulita,Seessel,Paulita.Seessel@yopmail.com,Paulita.Seessel@gmail.com,doctor
849,Kaja,Bebe,Kaja.Bebe@yopmail.com,Kaja.Bebe@gmail.com,police officer
850,Chickie,Letsou,Chickie.Letsou@yopmail.com,Chickie.Letsou@gmail.com,doctor
851,Bernie,Rad,Bernie.Rad@yopmail.com,Bernie.Rad@gmail.com,worker
852,Beth,Brenn,Beth.Brenn@yopmail.com,Beth.Brenn@gmail.com,police officer
853,Dagmar,Alrich,Dagmar.Alrich@yopmail.com,Dagmar.Alrich@gmail.com,doctor
854,Dolli,Oster,Dolli.Oster@yopmail.com,Dolli.Oster@gmail.com,police officer
855,Ericka,Turne,Ericka.Turne@yopmail.com,Ericka.Turne@gmail.com,police officer
856,Dolli,Slifka,Dolli.Slifka@yopmail.com,Dolli.Slifka@gmail.com,developer
857,Lila,Louanna,Lila.Louanna@yopmail.com,Lila.Louanna@gmail.com,developer
858,Joleen,Bahr,Joleen.Bahr@yopmail.com,Joleen.Bahr@gmail.com,developer
859,Ketti,Persse,Ketti.Persse@yopmail.com,Ketti.Persse@gmail.com,developer
860,Cam,Swigart,Cam.Swigart@yopmail.com,Cam.Swigart@gmail.com,doctor
861,Carlie,Suanne,Carlie.Suanne@yopmail.com,Carlie.Suanne@gmail.com,developer
862,Deloria,Schroth,Deloria.Schroth@yopmail.com,Deloria.Schroth@gmail.com,worker
863,Teriann,Ammann,Teriann.Ammann@yopmail.com,Teriann.Ammann@gmail.com,police officer
864,Flo,Uird,Flo.Uird@yopmail.com,Flo.Uird@gmail.com,firefighter
865,Pearline,Hermes,Pearline.Hermes@yopmail.com,Pearline.Hermes@gmail.com,worker
866,Bettine,Desai,Bettine.Desai@yopmail.com,Bettine.Desai@gmail.com,doctor
867,Joleen,An,Joleen.An@yopmail.com,Joleen.An@gmail.com,worker
868,Ronna,Noam,Ronna.Noam@yopmail.com,Ronna.Noam@gmail.com,doctor
869,Bernardine,Mata,Bernardine.Mata@yopmail.com,Bernardine.Mata@gmail.com,worker
870,Nataline,Gino,Nataline.Gino@yopmail.com,Nataline.Gino@gmail.com,doctor
871,Cassandra,Tengdin,Cassandra.Tengdin@yopmail.com,Cassandra.Tengdin@gmail.com,worker
872,Raf,Iphlgenia,Raf.Iphlgenia@yopmail.com,Raf.Iphlgenia@gmail.com,developer
873,Demetris,Elvyn,Demetris.Elvyn@yopmail.com,Demetris.Elvyn@gmail.com,firefighter
874,Abbie,Craggie,Abbie.Craggie@yopmail.com,Abbie.Craggie@gmail.com,doctor
875,Amelia,Hirsch,Amelia.Hirsch@yopmail.com,Amelia.Hirsch@gmail.com,police officer
876,Lucy,Kamaria,Lucy.Kamaria@yopmail.com,Lucy.Kamaria@gmail.com,police officer
877,Rivalee,Gwenore,Rivalee.Gwenore@yopmail.com,Rivalee.Gwenore@gmail.com,firefighter
878,Ekaterina,Gahl,Ekaterina.Gahl@yopmail.com,Ekaterina.Gahl@gmail.com,developer
879,Lanae,Dyche,Lanae.Dyche@yopmail.com,Lanae.Dyche@gmail.com,worker
880,Alie,Bennie,Alie.Bennie@yopmail.com,Alie.Bennie@gmail.com,developer
881,Kaja,Boycey,Kaja.Boycey@yopmail.com,Kaja.Boycey@gmail.com,developer
882,Judy,Brotherson,Judy.Brotherson@yopmail.com,Judy.Brotherson@gmail.com,doctor
883,Madelle,Carlson,Madelle.Carlson@yopmail.com,Madelle.Carlson@gmail.com,doctor
884,Kristina,Thomasina,Kristina.Thomasina@yopmail.com,Kristina.Thomasina@gmail.com,firefighter
885,Diena,Ephrem,Diena.Ephrem@yopmail.com,Diena.Ephrem@gmail.com,developer
886,Zaria,Ovid,Zaria.Ovid@yopmail.com,Zaria.Ovid@gmail.com,police officer
887,Kimmy,Juliet,Kimmy.Juliet@yopmail.com,Kimmy.Juliet@gmail.com,developer
888,Sadie,Horan,Sadie.Horan@yopmail.com,Sadie.Horan@gmail.com,police officer
889,Renae,Prober,Renae.Prober@yopmail.com,Renae.Prober@gmail.com,police officer
890,Livvyy,Bakerman,Livvyy.Bakerman@yopmail.com,Livvyy.Bakerman@gmail.com,developer
891,Alyda,Zachary,Alyda.Zachary@yopmail.com,Alyda.Zachary@gmail.com,worker
892,Fayre,Larochelle,Fayre.Larochelle@yopmail.com,Fayre.Larochelle@gmail.com,developer
893,Leanna,Mike,Leanna.Mike@yopmail.com,Leanna.Mike@gmail.com,doctor
894,Kenna,Kiersten,Kenna.Kiersten@yopmail.com,Kenna.Kiersten@gmail.com,police officer
895,Gretal,Decato,Gretal.Decato@yopmail.com,Gretal.Decato@gmail.com,firefighter
896,Nita,Koehler,Nita.Koehler@yopmail.com,Nita.Koehler@gmail.com,worker
897,Betta,Morgun,Betta.Morgun@yopmail.com,Betta.Morgun@gmail.com,worker
898,Marleah,Gert,Marleah.Gert@yopmail.com,Marleah.Gert@gmail.com,worker
899,Cristabel,McCutcheon,Cristabel.McCutcheon@yopmail.com,Cristabel.McCutcheon@gmail.com,developer
900,Veda,Madelene,Veda.Madelene@yopmail.com,Veda.Madelene@gmail.com,developer
901,Renae,Maxi,Renae.Maxi@yopmail.com,Renae.Maxi@gmail.com,firefighter
902,Margalo,Roumell,Margalo.Roumell@yopmail.com,Margalo.Roumell@gmail.com,worker
903,Phedra,Vary,Phedra.Vary@yopmail.com,Phedra.Vary@gmail.com,developer
904,Bettine,Flita,Bettine.Flita@yopmail.com,Bettine.Flita@gmail.com,police officer
905,Renie,Clie,Renie.Clie@yopmail.com,Renie.Clie@gmail.com,worker
906,Brietta,Whittaker,Brietta.Whittaker@yopmail.com,Brietta.Whittaker@gmail.com,doctor
907,Jessamyn,Sisile,Jessamyn.Sisile@yopmail.com,Jessamyn.Sisile@gmail.com,worker
908,Blondelle,Hutchison,Blondelle.Hutchison@yopmail.com,Blondelle.Hutchison@gmail.com,police officer
909,Kirstin,Suanne,Kirstin.Suanne@yopmail.com,Kirstin.Suanne@gmail.com,firefighter
910,Emilia,Pip,Emilia.Pip@yopmail.com,Emilia.Pip@gmail.com,firefighter
911,Ariela,Evvie,Ariela.Evvie@yopmail.com,Ariela.Evvie@gmail.com,firefighter
912,Aurelie,Shields,Aurelie.Shields@yopmail.com,Aurelie.Shields@gmail.com,police officer
913,Rosaline,Mott,Rosaline.Mott@yopmail.com,Rosaline.Mott@gmail.com,firefighter
914,Lauryn,Elbertina,Lauryn.Elbertina@yopmail.com,Lauryn.Elbertina@gmail.com,firefighter
915,Sheree,Valerio,Sheree.Valerio@yopmail.com,Sheree.Valerio@gmail.com,firefighter
916,Steffane,Mott,Steffane.Mott@yopmail.com,Steffane.Mott@gmail.com,firefighter
917,Caressa,Chrystel,Caressa.Chrystel@yopmail.com,Caressa.Chrystel@gmail.com,developer
918,Ardys,Fennessy,Ardys.Fennessy@yopmail.com,Ardys.Fennessy@gmail.com,worker
919,Ileana,Lilybelle,Ileana.Lilybelle@yopmail.com,Ileana.Lilybelle@gmail.com,worker
920,Shannah,Llovera,Shannah.Llovera@yopmail.com,Shannah.Llovera@gmail.com,worker
921,Cordi,Ortrude,Cordi.Ortrude@yopmail.com,Cordi.Ortrude@gmail.com,doctor
922,Raquela,Bevin,Raquela.Bevin@yopmail.com,Raquela.Bevin@gmail.com,firefighter
923,Emylee,Modie,Emylee.Modie@yopmail.com,Emylee.Modie@gmail.com,worker
924,Miquela,Simmonds,Miquela.Simmonds@yopmail.com,Miquela.Simmonds@gmail.com,worker
925,Meghann,Johanna,Meghann.Johanna@yopmail.com,Meghann.Johanna@gmail.com,firefighter
926,Petronia,Vorster,Petronia.Vorster@yopmail.com,Petronia.Vorster@gmail.com,police officer
927,Deane,Tjon,Deane.Tjon@yopmail.com,Deane.Tjon@gmail.com,developer
928,Nannie,Eckblad,Nannie.Eckblad@yopmail.com,Nannie.Eckblad@gmail.com,developer
929,Gerianna,Trace,Gerianna.Trace@yopmail.com,Gerianna.Trace@gmail.com,police officer
930,Norine,Tremayne,Norine.Tremayne@yopmail.com,Norine.Tremayne@gmail.com,developer
931,Darci,Morgun,Darci.Morgun@yopmail.com,Darci.Morgun@gmail.com,police officer
932,Joelly,Amadas,Joelly.Amadas@yopmail.com,Joelly.Amadas@gmail.com,police officer
933,Ira,Brittani,Ira.Brittani@yopmail.com,Ira.Brittani@gmail.com,firefighter
934,Viki,Terencio,Viki.Terencio@yopmail.com,Viki.Terencio@gmail.com,police officer
935,Chrystel,Holtz,Chrystel.Holtz@yopmail.com,Chrystel.Holtz@gmail.com,police officer
936,Vinita,Kiyoshi,Vinita.Kiyoshi@yopmail.com,Vinita.Kiyoshi@gmail.com,firefighter
937,Aurelie,Destinee,Aurelie.Destinee@yopmail.com,Aurelie.Destinee@gmail.com,doctor
938,Ayn,Bertold,Ayn.Bertold@yopmail.com,Ayn.Bertold@gmail.com,worker
939,Anthia,Iiette,Anthia.Iiette@yopmail.com,Anthia.Iiette@gmail.com,police officer
940,Harrietta,Marden,Harrietta.Marden@yopmail.com,Harrietta.Marden@gmail.com,doctor
941,Belinda,Wattenberg,Belinda.Wattenberg@yopmail.com,Belinda.Wattenberg@gmail.com,worker
942,Kate,Merna,Kate.Merna@yopmail.com,Kate.Merna@gmail.com,police officer
943,Damaris,Adalbert,Damaris.Adalbert@yopmail.com,Damaris.Adalbert@gmail.com,police officer
944,Shandie,Daveta,Shandie.Daveta@yopmail.com,Shandie.Daveta@gmail.com,worker
945,Pamella,Kylander,Pamella.Kylander@yopmail.com,Pamella.Kylander@gmail.com,doctor
946,Robbi,Geffner,Robbi.Geffner@yopmail.com,Robbi.Geffner@gmail.com,police officer
947,Fanny,Juliet,Fanny.Juliet@yopmail.com,Fanny.Juliet@gmail.com,doctor
948,Candy,Posner,Candy.Posner@yopmail.com,Candy.Posner@gmail.com,police officer
949,Agathe,Yerkovich,Agathe.Yerkovich@yopmail.com,Agathe.Yerkovich@gmail.com,developer
950,Melanie,Han,Melanie.Han@yopmail.com,Melanie.Han@gmail.com,doctor
951,Alia,Daveta,Alia.Daveta@yopmail.com,Alia.Daveta@gmail.com,police officer
952,Correy,Lindemann,Correy.Lindemann@yopmail.com,Correy.Lindemann@gmail.com,firefighter
953,Maurene,Hollingsworth,Maurene.Hollingsworth@yopmail.com,Maurene.Hollingsworth@gmail.com,doctor
954,Roberta,Jobi,Roberta.Jobi@yopmail.com,Roberta.Jobi@gmail.com,developer
955,Lorie,Emmaline,Lorie.Emmaline@yopmail.com,Lorie.Emmaline@gmail.com,police officer
956,Sheree,Kolnick,Sheree.Kolnick@yopmail.com,Sheree.Kolnick@gmail.com,developer
957,Nannie,Merell,Nannie.Merell@yopmail.com,Nannie.Merell@gmail.com,worker
958,Damaris,Loeb,Damaris.Loeb@yopmail.com,Damaris.Loeb@gmail.com,firefighter
959,Reeba,Sisile,Reeba.Sisile@yopmail.com,Reeba.Sisile@gmail.com,police officer
960,Odessa,Pillsbury,Odessa.Pillsbury@yopmail.com,Odessa.Pillsbury@gmail.com,developer
961,Carolina,Redmond,Carolina.Redmond@yopmail.com,Carolina.Redmond@gmail.com,doctor
962,Kassey,Cohdwell,Kassey.Cohdwell@yopmail.com,Kassey.Cohdwell@gmail.com,firefighter
963,Blinni,Guthrie,Blinni.Guthrie@yopmail.com,Blinni.Guthrie@gmail.com,developer
964,Shirlee,Zuzana,Shirlee.Zuzana@yopmail.com,Shirlee.Zuzana@gmail.com,firefighter
965,Florie,Gordon,Florie.Gordon@yopmail.com,Florie.Gordon@gmail.com,worker
966,Ricky,Solitta,Ricky.Solitta@yopmail.com,Ricky.Solitta@gmail.com,worker
967,Frances,Haerr,Frances.Haerr@yopmail.com,Frances.Haerr@gmail.com,police officer
968,Krystle,Briney,Krystle.Briney@yopmail.com,Krystle.Briney@gmail.com,developer
969,Belva,Lasley,Belva.Lasley@yopmail.com,Belva.Lasley@gmail.com,developer
970,Cherrita,Friede,Cherrita.Friede@yopmail.com,Cherrita.Friede@gmail.com,worker
971,Tabbatha,Iaverne,Tabbatha.Iaverne@yopmail.com,Tabbatha.Iaverne@gmail.com,developer
972,Modestia,Jaylene,Modestia.Jaylene@yopmail.com,Modestia.Jaylene@gmail.com,worker
973,Audrie,Joli,Audrie.Joli@yopmail.com,Audrie.Joli@gmail.com,firefighter
974,Marcy,Hurley,Marcy.Hurley@yopmail.com,Marcy.Hurley@gmail.com,worker
975,Leontine,Oster,Leontine.Oster@yopmail.com,Leontine.Oster@gmail.com,firefighter
976,Hayley,Ashok,Hayley.Ashok@yopmail.com,Hayley.Ashok@gmail.com,worker
977,Alex,Ade,Alex.Ade@yopmail.com,Alex.Ade@gmail.com,developer
978,Jackie,Alwin,Jackie.Alwin@yopmail.com,Jackie.Alwin@gmail.com,worker
979,Shannah,Koehler,Shannah.Koehler@yopmail.com,Shannah.Koehler@gmail.com,developer
980,Julieta,Chandler,Julieta.Chandler@yopmail.com,Julieta.Chandler@gmail.com,firefighter
981,Hannis,Gibbeon,Hannis.Gibbeon@yopmail.com,Hannis.Gibbeon@gmail.com,developer
982,Maud,Emerson,Maud.Emerson@yopmail.com,Maud.Emerson@gmail.com,developer
983,Yetty,Lauraine,Yetty.Lauraine@yopmail.com,Yetty.Lauraine@gmail.com,developer
984,Aurore,Justinn,Aurore.Justinn@yopmail.com,Aurore.Justinn@gmail.com,police officer
985,Lily,Flita,Lily.Flita@yopmail.com,Lily.Flita@gmail.com,worker
986,Latisha,Marijo,Latisha.Marijo@yopmail.com,Latisha.Marijo@gmail.com,firefighter
987,Corly,Rheingold,Corly.Rheingold@yopmail.com,Corly.Rheingold@gmail.com,firefighter
988,Laure,Bigner,Laure.Bigner@yopmail.com,Laure.Bigner@gmail.com,developer
989,Paule,Cookie,Paule.Cookie@yopmail.com,Paule.Cookie@gmail.com,firefighter
990,Binny,Donell,Binny.Donell@yopmail.com,Binny.Donell@gmail.com,developer
991,Mignon,Gale,Mignon.Gale@yopmail.com,Mignon.Gale@gmail.com,developer
992,Dagmar,Lynn,Dagmar.Lynn@yopmail.com,Dagmar.Lynn@gmail.com,developer
993,Nariko,Rozanna,Nariko.Rozanna@yopmail.com,Nariko.Rozanna@gmail.com,worker
994,Deloria,Brenn,Deloria.Brenn@yopmail.com,Deloria.Brenn@gmail.com,police officer
995,Sheree,Anestassia,Sheree.Anestassia@yopmail.com,Sheree.Anestassia@gmail.com,worker
996,Roz,Hamil,Roz.Hamil@yopmail.com,Roz.Hamil@gmail.com,police officer
997,Alyssa,Frendel,Alyssa.Frendel@yopmail.com,Alyssa.Frendel@gmail.com,developer
998,Zondra,Klemperer,Zondra.Klemperer@yopmail.com,Zondra.Klemperer@gmail.com,firefighter
999,Fanchon,Ursulette,Fanchon.Ursulette@yopmail.com,Fanchon.Ursulette@gmail.com,worker
1000,Roxane,Wenda,Roxane.Wenda@yopmail.com,Roxane.Wenda@gmail.com,developer
1001,Marnia,Angelis,Marnia.Angelis@yopmail.com,Marnia.Angelis@gmail.com,worker
1002,Cordi,Therine,Cordi.Therine@yopmail.com,Cordi.Therine@gmail.com,developer
1003,Shaine,Waite,Shaine.Waite@yopmail.com,Shaine.Waite@gmail.com,developer
1004,Susette,Hebner,Susette.Hebner@yopmail.com,Susette.Hebner@gmail.com,developer
1005,Belva,Alabaster,Belva.Alabaster@yopmail.com,Belva.Alabaster@gmail.com,firefighter
1006,Vanessa,Marlie,Vanessa.Marlie@yopmail.com,Vanessa.Marlie@gmail.com,firefighter
1007,Steffane,Hathaway,Steffane.Hathaway@yopmail.com,Steffane.Hathaway@gmail.com,firefighter
1008,Leontine,Shuler,Leontine.Shuler@yopmail.com,Leontine.Shuler@gmail.com,developer
1009,Eugine,Irmine,Eugine.Irmine@yopmail.com,Eugine.Irmine@gmail.com,doctor
1010,Nannie,Bendick,Nannie.Bendick@yopmail.com,Nannie.Bendick@gmail.com,police officer
1011,Blinni,Janene,Blinni.Janene@yopmail.com,Blinni.Janene@gmail.com,firefighter
1012,Jacenta,Ahab,Jacenta.Ahab@yopmail.com,Jacenta.Ahab@gmail.com,worker
1013,Cassondra,Stefa,Cassondra.Stefa@yopmail.com,Cassondra.Stefa@gmail.com,firefighter
1014,Albertina,Ludewig,Albertina.Ludewig@yopmail.com,Albertina.Ludewig@gmail.com,worker
1015,Ariela,Knowling,Ariela.Knowling@yopmail.com,Ariela.Knowling@gmail.com,developer
1016,Anthia,Schonfeld,Anthia.Schonfeld@yopmail.com,Anthia.Schonfeld@gmail.com,police officer
1017,Calla,Borrell,Calla.Borrell@yopmail.com,Calla.Borrell@gmail.com,firefighter
1018,Kathi,Kolnick,Kathi.Kolnick@yopmail.com,Kathi.Kolnick@gmail.com,firefighter
1019,Talya,Tamsky,Talya.Tamsky@yopmail.com,Talya.Tamsky@gmail.com,worker
1020,Celisse,Lynn,Celisse.Lynn@yopmail.com,Celisse.Lynn@gmail.com,doctor
1021,Meghann,Percy,Meghann.Percy@yopmail.com,Meghann.Percy@gmail.com,doctor
1022,Brietta,Redmond,Brietta.Redmond@yopmail.com,Brietta.Redmond@gmail.com,police officer
1023,Catharine,Pacorro,Catharine.Pacorro@yopmail.com,Catharine.Pacorro@gmail.com,doctor
1024,Phylis,Forrer,Phylis.Forrer@yopmail.com,Phylis.Forrer@gmail.com,developer
1025,Margette,Jerald,Margette.Jerald@yopmail.com,Margette.Jerald@gmail.com,worker
1026,Calla,Fillbert,Calla.Fillbert@yopmail.com,Calla.Fillbert@gmail.com,doctor
1027,Barbara,Havens,Barbara.Havens@yopmail.com,Barbara.Havens@gmail.com,worker
1028,Leontine,Dosia,Leontine.Dosia@yopmail.com,Leontine.Dosia@gmail.com,developer
1029,Steffane,Dash,Steffane.Dash@yopmail.com,Steffane.Dash@gmail.com,doctor
1030,Shel,Old,Shel.Old@yopmail.com,Shel.Old@gmail.com,firefighter
1031,Almeta,Sparhawk,Almeta.Sparhawk@yopmail.com,Almeta.Sparhawk@gmail.com,developer
1032,Ingrid,Salvidor,Ingrid.Salvidor@yopmail.com,Ingrid.Salvidor@gmail.com,doctor
1033,Melodie,Behre,Melodie.Behre@yopmail.com,Melodie.Behre@gmail.com,developer
1034,Krystle,Aida,Krystle.Aida@yopmail.com,Krystle.Aida@gmail.com,developer
1035,Iseabal,Wilkinson,Iseabal.Wilkinson@yopmail.com,Iseabal.Wilkinson@gmail.com,worker
1036,Dode,Chrystel,Dode.Chrystel@yopmail.com,Dode.Chrystel@gmail.com,doctor
1037,Orsola,Richers,Orsola.Richers@yopmail.com,Orsola.Richers@gmail.com,worker
1038,Belva,Lilas,Belva.Lilas@yopmail.com,Belva.Lilas@gmail.com,firefighter
1039,Kelly,Reinke,Kelly.Reinke@yopmail.com,Kelly.Reinke@gmail.com,police officer
1040,Wynne,Fry,Wynne.Fry@yopmail.com,Wynne.Fry@gmail.com,police officer
1041,Beverley,Shaddock,Beverley.Shaddock@yopmail.com,Beverley.Shaddock@gmail.com,police officer
1042,Leona,Azeria,Leona.Azeria@yopmail.com,Leona.Azeria@gmail.com,firefighter
1043,Quintina,Aldric,Quintina.Aldric@yopmail.com,Quintina.Aldric@gmail.com,firefighter
1044,Jean,Lunsford,Jean.Lunsford@yopmail.com,Jean.Lunsford@gmail.com,police officer
1045,Leona,Felecia,Leona.Felecia@yopmail.com,Leona.Felecia@gmail.com,developer
1046,Kelly,Munn,Kelly.Munn@yopmail.com,Kelly.Munn@gmail.com,firefighter
1047,Sonni,Jenness,Sonni.Jenness@yopmail.com,Sonni.Jenness@gmail.com,firefighter
1048,Wanda,Shelba,Wanda.Shelba@yopmail.com,Wanda.Shelba@gmail.com,doctor
1049,Dania,Pyle,Dania.Pyle@yopmail.com,Dania.Pyle@gmail.com,firefighter
1050,Jean,Tengdin,Jean.Tengdin@yopmail.com,Jean.Tengdin@gmail.com,police officer
1051,Leona,Kiyoshi,Leona.Kiyoshi@yopmail.com,Leona.Kiyoshi@gmail.com,firefighter
1052,Gilda,Gower,Gilda.Gower@yopmail.com,Gilda.Gower@gmail.com,worker
1053,Melina,Auberbach,Melina.Auberbach@yopmail.com,Melina.Auberbach@gmail.com,firefighter
1054,Tybie,Claudine,Tybie.Claudine@yopmail.com,Tybie.Claudine@gmail.com,police officer
1055,Raina,Rugen,Raina.Rugen@yopmail.com,Raina.Rugen@gmail.com,developer
1056,Helsa,Fink,Helsa.Fink@yopmail.com,Helsa.Fink@gmail.com,developer
1057,Glynnis,Garek,Glynnis.Garek@yopmail.com,Glynnis.Garek@gmail.com,firefighter
1058,Rayna,Cornelia,Rayna.Cornelia@yopmail.com,Rayna.Cornelia@gmail.com,worker
1059,Vere,Isidore,Vere.Isidore@yopmail.com,Vere.Isidore@gmail.com,worker
1060,Jan,Vharat,Jan.Vharat@yopmail.com,Jan.Vharat@gmail.com,police officer
1061,Phylis,Sophronia,Phylis.Sophronia@yopmail.com,Phylis.Sophronia@gmail.com,worker
1062,Hermione,Hollingsworth,Hermione.Hollingsworth@yopmail.com,Hermione.Hollingsworth@gmail.com,doctor
1063,Dotty,Soneson,Dotty.Soneson@yopmail.com,Dotty.Soneson@gmail.com,doctor
1064,Ronna,Terrence,Ronna.Terrence@yopmail.com,Ronna.Terrence@gmail.com,firefighter
1065,Blondelle,Chem,Blondelle.Chem@yopmail.com,Blondelle.Chem@gmail.com,firefighter
1066,Valera,Leler,Valera.Leler@yopmail.com,Valera.Leler@gmail.com,doctor
1067,Belva,Barney,Belva.Barney@yopmail.com,Belva.Barney@gmail.com,developer
1068,Melanie,Marden,Melanie.Marden@yopmail.com,Melanie.Marden@gmail.com,developer
1069,Chloris,Ilka,Chloris.Ilka@yopmail.com,Chloris.Ilka@gmail.com,firefighter
1070,Carol-Jean,Even,Carol-Jean.Even@yopmail.com,Carol-Jean.Even@gmail.com,worker
1071,Priscilla,Chandler,Priscilla.Chandler@yopmail.com,Priscilla.Chandler@gmail.com,doctor
1072,Doralynne,Bonilla,Doralynne.Bonilla@yopmail.com,Doralynne.Bonilla@gmail.com,firefighter
1073,Arabel,Gregrory,Arabel.Gregrory@yopmail.com,Arabel.Gregrory@gmail.com,firefighter
1074,Mariann,Egbert,Mariann.Egbert@yopmail.com,Mariann.Egbert@gmail.com,firefighter
1075,Minne,Payson,Minne.Payson@yopmail.com,Minne.Payson@gmail.com,firefighter
1076,Tani,Yate,Tani.Yate@yopmail.com,Tani.Yate@gmail.com,firefighter
1077,Alameda,Arne,Alameda.Arne@yopmail.com,Alameda.Arne@gmail.com,doctor
1078,Shauna,Haymes,Shauna.Haymes@yopmail.com,Shauna.Haymes@gmail.com,doctor
1079,Shaine,Skurnik,Shaine.Skurnik@yopmail.com,Shaine.Skurnik@gmail.com,police officer
1080,Kaia,Dreda,Kaia.Dreda@yopmail.com,Kaia.Dreda@gmail.com,firefighter
1081,Quintina,Elephus,Quintina.Elephus@yopmail.com,Quintina.Elephus@gmail.com,worker
1082,Agathe,Herrera,Agathe.Herrera@yopmail.com,Agathe.Herrera@gmail.com,firefighter
1083,Doralynne,Gower,Doralynne.Gower@yopmail.com,Doralynne.Gower@gmail.com,police officer
1084,Zia,Mata,Zia.Mata@yopmail.com,Zia.Mata@gmail.com,developer
1085,Lenna,Pattin,Lenna.Pattin@yopmail.com,Lenna.Pattin@gmail.com,worker
1086,Kirstin,Libna,Kirstin.Libna@yopmail.com,Kirstin.Libna@gmail.com,developer
1087,Gwenneth,Jehu,Gwenneth.Jehu@yopmail.com,Gwenneth.Jehu@gmail.com,police officer
1088,Sophia,Gert,Sophia.Gert@yopmail.com,Sophia.Gert@gmail.com,firefighter
1089,Gusty,Telfer,Gusty.Telfer@yopmail.com,Gusty.Telfer@gmail.com,worker
1090,Jennica,Hunfredo,Jennica.Hunfredo@yopmail.com,Jennica.Hunfredo@gmail.com,police officer
1091,Lenna,Esmaria,Lenna.Esmaria@yopmail.com,Lenna.Esmaria@gmail.com,firefighter
1092,Cassondra,Hazlett,Cassondra.Hazlett@yopmail.com,Cassondra.Hazlett@gmail.com,doctor
1093,Addia,Yuille,Addia.Yuille@yopmail.com,Addia.Yuille@gmail.com,doctor
1094,Tiffie,Durante,Tiffie.Durante@yopmail.com,Tiffie.Durante@gmail.com,developer
1095,Veda,Kenney,Veda.Kenney@yopmail.com,Veda.Kenney@gmail.com,developer
1096,Monika,Elvyn,Monika.Elvyn@yopmail.com,Monika.Elvyn@gmail.com,worker
1097,Rivalee,Fink,Rivalee.Fink@yopmail.com,Rivalee.Fink@gmail.com,police officer
1098,Raquela,Luhe,Raquela.Luhe@yopmail.com,Raquela.Luhe@gmail.com,doctor
1099,Molli,Delacourt,Molli.Delacourt@yopmail.com,Molli.Delacourt@gmail.com,worker